Id,Class
0,9
1,3
2,3
3,9
4,9
5,9
6,9
7,3
8,3
9,3
10,3
11,3
12,3
13,9
14,9
15,9
16,9
17,9
18,3
19,3
20,3
21,3
22,3
23,3
24,3
25,3
26,3
27,9
28,3
29,3
30,3
31,3
32,3
33,3
34,3
35,3
36,9
37,3
38,9
39,9
40,3
41,9
42,3
43,3
44,3
45,3
46,3
47,3
48,3
49,3
50,3
51,9
52,9
53,3
54,3
55,3
56,9
57,9
58,9
59,9
60,9
61,9
62,9
63,3
64,3
65,3
66,3
67,3
68,3
69,3
70,3
71,3
72,9
73,9
74,9
75,3
76,9
77,3
78,3
79,3
80,3
81,3
82,3
83,3
84,9
85,9
86,9
87,3
88,3
89,9
90,3
91,9
92,9
93,9
94,9
95,9
96,9
97,9
98,3
99,3
100,9
101,3
102,3
103,3
104,9
105,9
106,9
107,9
108,9
109,3
110,3
111,3
112,3
113,3
114,3
115,3
116,3
117,3
118,3
119,3
120,9
121,9
122,9
123,9
124,9
125,9
126,9
127,9
128,9
129,3
130,9
131,3
132,9
133,9
134,9
135,3
136,3
137,3
138,3
139,3
140,3
141,9
142,9
143,9
144,9
145,9
146,9
147,9
148,9
149,9
150,3
151,9
152,9
153,3
154,3
155,3
156,9
157,9
158,9
159,9
160,9
161,9
162,3
163,3
164,3
165,3
166,3
167,3
168,3
169,3
170,3
171,9
172,9
173,9
174,3
175,9
176,3
177,3
178,3
179,3
180,9
181,9
182,9
183,9
184,9
185,3
186,9
187,9
188,9
189,9
190,9
191,9
192,3
193,3
194,3
195,9
196,3
197,3
198,3
199,3
200,9
201,3
202,3
203,3
204,3
205,3
206,3
207,3
208,3
209,3
210,9
211,3
212,9
213,3
214,3
215,9
216,3
217,3
218,3
219,9
220,9
221,9
222,9
223,9
224,9
225,3
226,3
227,3
228,9
229,9
230,9
231,3
232,3
233,9
234,9
235,9
236,9
237,9
238,9
239,9
240,9
241,9
242,9
243,9
244,9
245,9
246,9
247,9
248,9
249,9
250,9
251,9
252,3
253,3
254,3
255,9
256,3
257,3
258,3
259,3
260,3
261,9
262,9
263,9
264,3
265,3
266,3
267,3
268,3
269,3
270,9
271,9
272,9
273,3
274,3
275,3
276,3
277,9
278,9
279,3
280,3
281,3
282,9
283,9
284,3
285,3
286,9
287,9
288,3
289,3
290,3
291,3
292,3
293,3
294,3
295,3
296,3
297,3
298,3
299,3
300,9
301,9
302,9
303,3
304,3
305,3
306,3
307,9
308,9
309,3
310,3
311,3
312,3
313,3
314,3
315,3
316,3
317,3
318,3
319,9
320,9
321,9
322,9
323,9
324,9
325,9
326,9
327,9
328,9
329,3
330,3
331,3
332,3
333,3
334,3
335,9
336,9
337,9
338,3
339,3
340,3
341,3
342,3
343,3
344,3
345,3
346,3
347,3
348,9
349,9
350,3
351,3
352,3
353,3
354,9
355,9
356,9
357,3
358,3
359,3
360,9
361,9
362,9
363,3
364,3
365,3
366,3
367,3
368,3
369,3
370,3
371,3
372,3
373,3
374,3
375,9
376,9
377,9
378,9
379,9
380,9
381,3
382,3
383,3
384,9
385,9
386,9
387,3
388,3
389,3
390,3
391,3
392,3
393,9
394,9
395,9
396,9
397,9
398,9
399,3
400,9
401,3
402,3
403,9
404,9
405,3
406,3
407,3
408,9
409,9
410,9
411,3
412,3
413,3
414,3
415,3
416,3
417,9
418,9
419,3
420,3
421,3
422,3
423,3
424,3
425,3
426,3
427,9
428,9
429,3
430,3
431,3
432,9
433,9
434,9
435,9
436,9
437,9
438,3
439,9
440,9
441,9
442,9
443,9
444,3
445,3
446,3
447,3
448,3
449,3
450,9
451,3
452,3
453,3
454,3
455,3
456,9
457,9
458,3
459,9
460,9
461,3
462,3
463,9
464,9
465,3
466,3
467,9
468,3
469,9
470,3
471,3
472,3
473,3
474,3
475,3
476,3
477,9
478,9
479,9
480,3
481,9
482,3
483,3
484,3
485,3
486,9
487,3
488,9
489,9
490,3
491,3
492,9
493,9
494,9
495,3
496,3
497,3
498,3
499,9
500,9
501,3
502,3
503,3
504,3
505,3
506,3
507,3
508,3
509,3
510,3
511,3
512,3
513,9
514,9
515,9
516,3
517,9
518,9
519,3
520,3
521,3
522,3
523,3
524,3
525,3
526,3
527,3
528,3
529,3
530,9
531,3
532,3
533,3
534,9
535,9
536,9
537,9
538,9
539,9
540,3
541,3
542,3
543,9
544,9
545,9
546,9
547,9
548,9
549,3
550,3
551,3
552,3
553,3
554,3
555,3
556,3
557,3
558,9
559,9
560,9
561,3
562,9
563,3
564,3
565,3
566,9
567,3
568,3
569,3
570,3
571,3
572,9
573,9
574,9
575,9
576,3
577,3
578,3
579,9
580,9
581,9
582,3
583,3
584,3
585,9
586,9
587,9
588,3
589,3
590,3
591,3
592,3
593,3
594,9
595,9
596,9
597,9
598,9
599,9
600,3
601,9
602,9
603,3
604,3
605,3
606,9
607,9
608,9
609,3
610,3
611,3
612,3
613,3
614,3
615,3
616,3
617,3
618,9
619,9
620,9
621,3
622,9
623,3
624,3
625,3
626,3
627,3
628,3
629,9
630,3
631,3
632,3
633,3
634,3
635,3
636,3
637,3
638,9
639,9
640,9
641,9
642,9
643,3
644,9
645,3
646,3
647,3
648,3
649,3
650,3
651,9
652,9
653,3
654,9
655,9
656,3
657,9
658,9
659,9
660,3
661,3
662,9
663,9
664,9
665,9
666,9
667,9
668,9
669,3
670,3
671,3
672,9
673,9
674,9
675,3
676,3
677,3
678,3
679,3
680,3
681,3
682,3
683,3
684,9
685,9
686,9
687,3
688,3
689,9
690,3
691,3
692,3
693,3
694,3
695,3
696,9
697,9
698,9
699,9
700,9
701,9
702,3
703,3
704,3
705,3
706,3
707,3
708,9
709,3
710,3
711,9
712,9
713,9
714,3
715,9
716,3
717,3
718,3
719,3
720,9
721,9
722,9
723,3
724,3
725,9
726,9
727,9
728,9
729,9
730,9
731,9
732,3
733,9
734,3
735,3
736,3
737,3
738,3
739,3
740,3
741,9
742,9
743,9
744,9
745,9
746,3
747,9
748,9
749,9
750,3
751,9
752,9
753,9
754,9
755,9
756,9
757,9
758,9
759,9
760,9
761,9
762,3
763,3
764,3
765,9
766,9
767,9
768,9
769,9
770,9
771,3
772,3
773,3
774,9
775,9
776,9
777,3
778,3
779,3
780,9
781,9
782,9
783,3
784,3
785,3
786,9
787,9
788,9
789,3
790,3
791,3
792,9
793,9
794,9
795,9
796,9
797,9
798,3
799,3
800,9
801,9
802,9
803,3
804,9
805,3
806,3
807,3
808,3
809,3
810,3
811,3
812,3
813,9
814,9
815,9
816,9
817,9
818,3
819,3
820,3
821,3
822,3
823,3
824,3
825,3
826,9
827,9
828,3
829,3
830,3
831,3
832,9
833,9
834,3
835,9
836,3
837,9
838,3
839,3
840,3
841,9
842,9
843,9
844,9
845,9
846,3
847,3
848,3
849,3
850,3
851,3
852,3
853,3
854,3
855,9
856,9
857,9
858,9
859,9
860,9
861,9
862,9
863,9
864,9
865,9
866,9
867,9
868,3
869,9
870,3
871,3
872,3
873,9
874,9
875,9
876,3
877,3
878,3
879,9
880,9
881,9
882,3
883,9
884,9
885,3
886,3
887,3
888,3
889,3
890,3
891,3
892,3
893,3
894,9
895,9
896,9
897,3
898,3
899,3
900,3
901,3
902,3
903,3
904,3
905,3
906,9
907,9
908,9
909,9
910,9
911,9
912,9
913,9
914,9
915,9
916,9
917,9
918,3
919,9
920,9
921,3
922,3
923,3
924,3
925,3
926,3
927,9
928,9
929,9
930,9
931,9
932,9
933,9
934,9
935,9
936,3
937,3
938,3
939,3
940,9
941,9
942,9
943,9
944,9
945,3
946,3
947,3
948,3
949,3
950,3
951,3
952,3
953,3
954,3
955,3
956,3
957,3
958,3
959,3
960,3
961,3
962,3
963,3
964,3
965,3
966,3
967,9
968,3
969,3
970,3
971,3
972,9
973,9
974,9
975,9
976,9
977,9
978,3
979,3
980,3
981,9
982,9
983,9
984,9
985,9
986,9
987,3
988,3
989,3
990,3
991,3
992,3
993,3
994,3
995,3
996,9
997,3
998,3
999,9
1000,9
1001,9
1002,3
1003,3
1004,3
1005,3
1006,3
1007,3
1008,3
1009,3
1010,3
1011,3
1012,3
1013,3
1014,3
1015,3
1016,3
1017,9
1018,9
1019,9
1020,3
1021,3
1022,3
1023,9
1024,9
1025,9
1026,9
1027,9
1028,9
1029,9
1030,9
1031,9
1032,9
1033,9
1034,9
1035,9
1036,9
1037,3
1038,3
1039,3
1040,3
1041,3
1042,3
1043,3
1044,3
1045,9
1046,3
1047,9
1048,9
1049,9
1050,9
1051,3
1052,9
1053,9
1054,9
1055,9
1056,9
1057,9
1058,9
1059,3
1060,3
1061,3
1062,9
1063,9
1064,9
1065,3
1066,3
1067,3
1068,9
1069,9
1070,9
1071,9
1072,9
1073,9
1074,3
1075,3
1076,3
1077,9
1078,9
1079,9
1080,3
1081,3
1082,9
1083,3
1084,3
1085,3
1086,3
1087,3
1088,3
1089,3
1090,3
1091,3
1092,9
1093,9
1094,9
1095,3
1096,3
1097,9
1098,3
1099,3
1100,3
1101,9
1102,9
1103,9
1104,3
1105,3
1106,3
1107,3
1108,3
1109,3
1110,3
1111,9
1112,9
1113,9
1114,3
1115,3
1116,9
1117,9
1118,9
1119,3
1120,3
1121,3
1122,9
1123,9
1124,9
1125,3
1126,3
1127,9
1128,9
1129,9
1130,3
1131,9
1132,9
1133,9
1134,3
1135,3
1136,3
1137,9
1138,9
1139,9
1140,9
1141,9
1142,3
1143,9
1144,9
1145,9
1146,9
1147,9
1148,9
1149,3
1150,3
1151,3
1152,3
1153,3
1154,3
1155,3
1156,3
1157,3
1158,9
1159,9
1160,9
1161,3
1162,3
1163,3
1164,9
1165,3
1166,3
1167,3
1168,3
1169,3
1170,9
1171,3
1172,3
1173,9
1174,9
1175,9
1176,3
1177,9
1178,9
1179,9
1180,9
1181,9
1182,3
1183,3
1184,3
1185,3
1186,3
1187,3
1188,9
1189,9
1190,9
1191,9
1192,9
1193,9
1194,9
1195,3
1196,3
1197,9
1198,9
1199,9
1200,9
1201,9
1202,9
1203,9
1204,3
1205,3
1206,3
1207,3
1208,3
1209,9
1210,9
1211,9
1212,3
1213,3
1214,3
1215,3
1216,3
1217,3
1218,3
1219,3
1220,9
1221,9
1222,3
1223,3
1224,3
1225,3
1226,3
1227,9
1228,9
1229,9
1230,9
1231,9
1232,9
1233,9
1234,9
1235,9
1236,9
1237,9
1238,9
1239,9
1240,9
1241,9
1242,9
1243,3
1244,9
1245,9
1246,9
1247,9
1248,3
1249,3
1250,3
1251,9
1252,9
1253,9
1254,3
1255,3
1256,3
1257,3
1258,3
1259,3
1260,3
1261,3
1262,3
1263,9
1264,9
1265,9
1266,3
1267,3
1268,9
1269,9
1270,9
1271,9
1272,9
1273,9
1274,9
1275,9
1276,9
1277,9
1278,3
1279,3
1280,3
1281,9
1282,9
1283,3
1284,3
1285,3
1286,3
1287,3
1288,3
1289,3
1290,3
1291,3
1292,3
1293,9
1294,9
1295,9
1296,9
1297,9
1298,9
1299,3
1300,3
1301,3
1302,9
1303,9
1304,9
1305,3
1306,3
1307,3
1308,3
1309,9
1310,3
1311,3
1312,3
1313,3
1314,3
1315,3
1316,9
1317,3
1318,3
1319,3
1320,3
1321,3
1322,3
1323,9
1324,9
1325,9
1326,9
1327,9
1328,9
1329,3
1330,3
1331,3
1332,9
1333,9
1334,9
1335,3
1336,3
1337,3
1338,3
1339,9
1340,9
1341,3
1342,3
1343,3
1344,3
1345,3
1346,3
1347,3
1348,9
1349,3
1350,9
1351,9
1352,9
1353,9
1354,9
1355,9
1356,3
1357,3
1358,3
1359,9
1360,9
1361,3
1362,9
1363,9
1364,9
1365,9
1366,9
1367,9
1368,9
1369,9
1370,9
1371,9
1372,9
1373,9
1374,3
1375,3
1376,3
1377,9
1378,9
1379,9
1380,3
1381,3
1382,3
1383,3
1384,3
1385,3
1386,9
1387,9
1388,9
1389,9
1390,9
1391,9
1392,9
1393,9
1394,9
1395,9
1396,3
1397,9
1398,3
1399,3
1400,3
1401,9
1402,3
1403,3
1404,3
1405,3
1406,3
1407,9
1408,9
1409,9
1410,9
1411,9
1412,9
1413,3
1414,3
1415,3
1416,3
1417,3
1418,3
1419,9
1420,9
1421,3
1422,3
1423,3
1424,3
1425,9
1426,9
1427,9
1428,9
1429,9
1430,9
1431,9
1432,9
1433,9
1434,3
1435,3
1436,3
1437,3
1438,3
1439,3
1440,9
1441,9
1442,9
1443,3
1444,3
1445,3
1446,3
1447,3
1448,3
1449,9
1450,9
1451,3
1452,9
1453,9
1454,9
1455,9
1456,9
1457,9
1458,9
1459,3
1460,3
1461,9
1462,9
1463,9
1464,3
1465,3
1466,3
1467,9
1468,9
1469,9
1470,3
1471,3
1472,3
1473,3
1474,3
1475,3
1476,9
1477,9
1478,3
1479,9
1480,9
1481,9
1482,3
1483,3
1484,3
1485,9
1486,3
1487,9
1488,9
1489,9
1490,9
1491,9
1492,9
1493,9
1494,3
1495,3
1496,3
1497,3
1498,3
1499,3
1500,3
1501,3
1502,3
1503,3
1504,3
1505,3
1506,3
1507,3
1508,3
1509,9
1510,9
1511,9
1512,3
1513,9
1514,3
1515,3
1516,3
1517,9
1518,9
1519,9
1520,9
1521,3
1522,3
1523,3
1524,3
1525,3
1526,3
1527,9
1528,9
1529,9
1530,9
1531,9
1532,9
1533,3
1534,3
1535,3
1536,3
1537,3
1538,3
1539,3
1540,3
1541,3
1542,9
1543,9
1544,9
1545,3
1546,3
1547,3
1548,9
1549,3
1550,3
1551,3
1552,3
1553,3
1554,9
1555,9
1556,9
1557,3
1558,3
1559,3
1560,9
1561,3
1562,3
1563,3
1564,3
1565,3
1566,9
1567,3
1568,3
1569,3
1570,3
1571,3
1572,3
1573,3
1574,3
1575,3
1576,9
1577,9
1578,3
1579,3
1580,3
1581,3
1582,3
1583,3
1584,9
1585,9
1586,9
1587,3
1588,3
1589,3
1590,3
1591,9
1592,9
1593,3
1594,9
1595,9
1596,9
1597,9
1598,9
1599,3
1600,3
1601,3
1602,9
1603,9
1604,9
1605,3
1606,3
1607,3
1608,3
1609,3
1610,3
1611,3
1612,9
1613,9
1614,3
1615,3
1616,3
1617,3
1618,3
1619,3
1620,3
1621,3
1622,3
1623,9
1624,9
1625,9
1626,9
1627,9
1628,9
1629,9
1630,9
1631,9
1632,9
1633,9
1634,9
1635,9
1636,9
1637,9
1638,9
1639,9
1640,9
1641,9
1642,9
1643,9
1644,3
1645,3
1646,3
1647,9
1648,3
1649,9
1650,3
1651,9
1652,9
1653,3
1654,3
1655,3
1656,3
1657,3
1658,3
1659,9
1660,9
1661,3
1662,3
1663,3
1664,3
1665,3
1666,3
1667,3
1668,9
1669,9
1670,3
1671,9
1672,9
1673,3
1674,3
1675,3
1676,3
1677,3
1678,9
1679,3
1680,3
1681,3
1682,9
1683,9
1684,9
1685,9
1686,3
1687,9
1688,9
1689,3
1690,3
1691,3
1692,9
1693,9
1694,9
1695,3
1696,3
1697,3
1698,3
1699,3
1700,3
1701,9
1702,9
1703,9
1704,9
1705,3
1706,9
1707,3
1708,3
1709,3
1710,3
1711,3
1712,3
1713,3
1714,3
1715,3
1716,9
1717,9
1718,9
1719,9
1720,9
1721,9
1722,3
1723,3
1724,3
1725,3
1726,3
1727,3
1728,3
1729,3
1730,9
1731,3
1732,9
1733,3
1734,3
1735,3
1736,3
1737,9
1738,9
1739,9
1740,3
1741,3
1742,3
1743,3
1744,3
1745,3
1746,3
1747,3
1748,3
1749,3
1750,3
1751,3
1752,3
1753,3
1754,3
1755,9
1756,9
1757,9
1758,3
1759,9
1760,9
1761,3
1762,3
1763,3
1764,3
1765,3
1766,3
1767,9
1768,9
1769,9
1770,9
1771,9
1772,9
1773,9
1774,9
1775,9
1776,3
1777,3
1778,3
1779,3
1780,3
1781,3
1782,3
1783,3
1784,3
1785,9
1786,9
1787,9
1788,9
1789,3
1790,9
1791,3
1792,3
1793,3
1794,9
1795,9
1796,9
1797,9
1798,9
1799,9
1800,3
1801,3
1802,3
1803,9
1804,3
1805,3
1806,9
1807,9
1808,9
1809,3
1810,3
1811,3
1812,9
1813,9
1814,9
1815,3
1816,3
1817,3
1818,3
1819,3
1820,3
1821,3
1822,3
1823,3
1824,3
1825,3
1826,3
1827,9
1828,9
1829,9
1830,9
1831,9
1832,9
1833,3
1834,3
1835,3
1836,3
1837,3
1838,3
1839,9
1840,9
1841,3
1842,9
1843,3
1844,3
1845,3
1846,9
1847,3
1848,3
1849,3
1850,3
1851,9
1852,9
1853,9
1854,9
1855,9
1856,9
1857,3
1858,3
1859,3
1860,9
1861,3
1862,9
1863,9
1864,9
1865,9
1866,9
1867,9
1868,9
1869,9
1870,9
1871,3
1872,9
1873,9
1874,9
1875,3
1876,3
1877,9
1878,9
1879,9
1880,3
1881,3
1882,3
1883,3
1884,9
1885,3
1886,9
1887,9
1888,9
1889,9
1890,3
1891,3
1892,3
1893,9
1894,9
1895,9
1896,9
1897,9
1898,9
1899,9
1900,3
1901,3
1902,3
1903,3
1904,3
1905,9
1906,9
1907,3
1908,9
1909,9
1910,9
1911,3
1912,3
1913,3
1914,3
1915,3
1916,3
1917,3
1918,3
1919,3
1920,3
1921,3
1922,3
1923,9
1924,9
1925,9
1926,9
1927,9
1928,9
1929,3
1930,3
1931,3
1932,9
1933,9
1934,3
1935,9
1936,9
1937,9
1938,9
1939,3
1940,9
1941,3
1942,3
1943,3
1944,3
1945,9
1946,3
1947,3
1948,3
1949,3
1950,3
1951,3
1952,3
1953,9
1954,9
1955,9
1956,9
1957,3
1958,9
1959,9
1960,9
1961,9
1962,9
1963,9
1964,3
1965,3
1966,3
1967,3
1968,3
1969,3
1970,3
1971,3
1972,3
1973,3
1974,9
1975,9
1976,9
1977,3
1978,9
1979,9
1980,3
1981,3
1982,3
1983,3
1984,3
1985,3
1986,3
1987,3
1988,3
1989,9
1990,9
1991,9
1992,3
1993,3
1994,3
1995,3
1996,3
1997,3
1998,9
1999,9
2000,9
2001,9
2002,9
2003,9
2004,3
2005,3
2006,3
2007,9
2008,9
2009,9
2010,9
2011,3
2012,3
2013,9
2014,9
2015,9
2016,3
2017,3
2018,9
2019,9
2020,9
2021,3
2022,9
2023,9
2024,9
2025,3
2026,3
2027,3
2028,3
2029,3
2030,3
2031,3
2032,3
2033,3
2034,9
2035,3
2036,3
2037,3
2038,3
2039,3
2040,9
2041,9
2042,9
2043,3
2044,3
2045,3
2046,3
2047,3
2048,3
2049,9
2050,9
2051,9
2052,3
2053,3
2054,3
2055,9
2056,9
2057,9
2058,3
2059,3
2060,3
2061,9
2062,9
2063,9
2064,9
2065,9
2066,9
2067,9
2068,3
2069,3
2070,9
2071,9
2072,9
2073,3
2074,9
2075,3
2076,9
2077,9
2078,9
2079,3
2080,3
2081,3
2082,3
2083,3
2084,3
2085,3
2086,3
2087,9
2088,3
2089,3
2090,3
2091,3
2092,3
2093,3
2094,9
2095,9
2096,9
2097,9
2098,9
2099,9
2100,3
2101,9
2102,3
2103,9
2104,9
2105,9
2106,9
2107,9
2108,9
2109,3
2110,3
2111,3
2112,3
2113,3
2114,3
2115,3
2116,3
2117,3
2118,9
2119,3
2120,9
2121,9
2122,3
2123,9
2124,3
2125,3
2126,3
2127,9
2128,9
2129,3
2130,3
2131,3
2132,3
2133,3
2134,3
2135,3
2136,3
2137,3
2138,3
2139,9
2140,9
2141,9
2142,3
2143,3
2144,9
2145,3
2146,3
2147,3
2148,3
2149,3
2150,3
2151,9
2152,9
2153,9
2154,9
2155,9
2156,9
2157,9
2158,3
2159,3
2160,9
2161,9
2162,9
2163,9
2164,9
2165,9
2166,9
2167,9
2168,9
2169,3
2170,3
2171,3
2172,9
2173,9
2174,9
2175,9
2176,9
2177,9
2178,3
2179,3
2180,3
2181,9
2182,9
2183,9
2184,3
2185,9
2186,3
2187,9
2188,9
2189,9
2190,3
2191,3
2192,3
2193,3
2194,3
2195,9
2196,3
2197,9
2198,3
2199,3
2200,3
2201,3
2202,9
2203,9
2204,9
2205,3
2206,3
2207,3
2208,3
2209,3
2210,3
2211,9
2212,9
2213,9
2214,3
2215,3
2216,3
2217,9
2218,9
2219,9
2220,9
2221,3
2222,9
2223,3
2224,3
2225,3
2226,3
2227,3
2228,3
2229,3
2230,3
2231,3
2232,9
2233,9
2234,9
2235,3
2236,3
2237,3
2238,3
2239,3
2240,3
2241,3
2242,9
2243,9
2244,9
2245,3
2246,9
2247,9
2248,9
2249,9
2250,3
2251,3
2252,3
2253,3
2254,3
2255,3
2256,9
2257,9
2258,9
2259,3
2260,3
2261,3
2262,3
2263,3
2264,3
2265,3
2266,3
2267,3
2268,3
2269,3
2270,3
2271,9
2272,9
2273,9
2274,3
2275,3
2276,3
2277,3
2278,3
2279,3
2280,9
2281,9
2282,9
2283,9
2284,9
2285,9
2286,3
2287,9
2288,9
2289,3
2290,3
2291,3
2292,9
2293,3
2294,3
2295,9
2296,3
2297,3
2298,3
2299,3
2300,3
2301,3
2302,3
2303,3
2304,9
2305,9
2306,9
2307,9
2308,9
2309,3
2310,3
2311,3
2312,3
2313,9
2314,9
2315,9
2316,9
2317,9
2318,9
2319,9
2320,9
2321,9
2322,3
2323,3
2324,3
2325,9
2326,3
2327,3
2328,9
2329,9
2330,9
2331,3
2332,9
2333,3
2334,3
2335,3
2336,3
2337,9
2338,3
2339,9
2340,9
2341,9
2342,3
2343,9
2344,9
2345,9
2346,3
2347,3
2348,9
2349,9
2350,9
2351,9
2352,9
2353,9
2354,9
2355,3
2356,3
2357,9
2358,9
2359,9
2360,3
2361,3
2362,3
2363,3
2364,3
2365,9
2366,3
2367,9
2368,3
2369,3
2370,9
2371,9
2372,9
2373,9
2374,9
2375,9
2376,9
2377,3
2378,3
2379,9
2380,9
2381,9
2382,3
2383,3
2384,3
2385,3
2386,3
2387,3
2388,9
2389,9
2390,9
2391,9
2392,3
2393,3
2394,9
2395,9
2396,9
2397,3
2398,9
2399,3
2400,3
2401,9
2402,9
2403,3
2404,3
2405,3
2406,3
2407,9
2408,3
2409,3
2410,9
2411,9
2412,3
2413,3
2414,9
2415,3
2416,9
2417,3
2418,9
2419,9
2420,9
2421,3
2422,3
2423,3
2424,9
2425,9
2426,9
2427,9
2428,3
2429,9
2430,3
2431,3
2432,3
2433,3
2434,3
2435,3
2436,9
2437,9
2438,9
2439,9
2440,9
2441,9
2442,3
2443,3
2444,3
2445,3
2446,3
2447,3
2448,3
2449,3
2450,9
2451,9
2452,9
2453,9
2454,3
2455,3
2456,3
2457,9
2458,9
2459,3
2460,3
2461,3
2462,3
2463,9
2464,9
2465,9
2466,9
2467,9
2468,3
2469,3
2470,3
2471,9
2472,3
2473,3
2474,3
2475,9
2476,9
2477,9
2478,9
2479,9
2480,9
2481,9
2482,3
2483,3
2484,3
2485,9
2486,9
2487,9
2488,3
2489,9
2490,9
2491,9
2492,9
2493,3
2494,3
2495,3
2496,9
2497,9
2498,9
2499,3
2500,3
2501,3
2502,3
2503,3
2504,3
2505,3
2506,3
2507,9
2508,3
2509,3
2510,3
2511,3
2512,3
2513,3
2514,3
2515,3
2516,3
2517,9
2518,3
2519,3
2520,9
2521,3
2522,9
2523,3
2524,3
2525,3
2526,3
2527,3
2528,9
2529,3
2530,3
2531,3
2532,9
2533,3
2534,9
2535,9
2536,9
2537,9
2538,3
2539,3
2540,3
2541,3
2542,3
2543,3
2544,9
2545,9
2546,9
2547,3
2548,3
2549,3
2550,9
2551,3
2552,9
2553,3
2554,3
2555,3
2556,3
2557,9
2558,9
2559,9
2560,9
2561,9
2562,3
2563,3
2564,3
2565,9
2566,9
2567,9
2568,9
2569,9
2570,3
2571,9
2572,9
2573,9
2574,3
2575,3
2576,3
2577,9
2578,9
2579,3
2580,9
2581,9
2582,9
2583,9
2584,3
2585,3
2586,9
2587,9
2588,9
2589,3
2590,3
2591,3
2592,9
2593,9
2594,9
2595,9
2596,9
2597,9
2598,9
2599,9
2600,9
2601,3
2602,3
2603,3
2604,3
2605,3
2606,3
2607,3
2608,3
2609,3
2610,9
2611,9
2612,9
2613,9
2614,9
2615,9
2616,9
2617,9
2618,9
2619,3
2620,3
2621,3
2622,9
2623,9
2624,9
2625,3
2626,3
2627,3
2628,3
2629,3
2630,3
2631,9
2632,3
2633,3
2634,3
2635,3
2636,3
2637,3
2638,3
2639,3
2640,3
2641,9
2642,9
2643,3
2644,3
2645,9
2646,9
2647,9
2648,3
2649,9
2650,9
2651,9
2652,3
2653,3
2654,3
2655,9
2656,9
2657,3
2658,3
2659,3
2660,3
2661,3
2662,3
2663,3
2664,9
2665,9
2666,9
2667,9
2668,3
2669,9
2670,9
2671,3
2672,3
2673,3
2674,3
2675,3
2676,3
2677,3
2678,3
2679,9
2680,9
2681,9
2682,3
2683,3
2684,3
2685,3
2686,3
2687,3
2688,9
2689,9
2690,9
2691,9
2692,9
2693,9
2694,3
2695,3
2696,3
2697,9
2698,3
2699,3
2700,9
2701,9
2702,9
2703,3
2704,3
2705,3
2706,3
2707,9
2708,3
2709,3
2710,3
2711,3
2712,9
2713,3
2714,9
2715,3
2716,3
2717,3
2718,9
2719,9
2720,9
2721,9
2722,9
2723,9
2724,9
2725,9
2726,9
2727,3
2728,9
2729,3
2730,3
2731,9
2732,9
2733,9
2734,9
2735,9
2736,9
2737,3
2738,3
2739,3
2740,3
2741,3
2742,3
2743,3
2744,3
2745,9
2746,9
2747,9
2748,9
2749,9
2750,3
2751,3
2752,3
2753,9
2754,3
2755,3
2756,9
2757,9
2758,9
2759,9
2760,3
2761,3
2762,3
2763,9
2764,9
2765,9
2766,9
2767,9
2768,9
2769,3
2770,3
2771,3
2772,3
2773,3
2774,9
2775,3
2776,3
2777,3
2778,9
2779,9
2780,9
2781,9
2782,3
2783,3
2784,3
2785,3
2786,3
2787,9
2788,9
2789,3
2790,9
2791,9
2792,9
2793,3
2794,3
2795,3
2796,9
2797,9
2798,9
2799,9
2800,9
2801,3
2802,3
2803,3
2804,3
2805,3
2806,3
2807,3
2808,9
2809,3
2810,3
2811,3
2812,3
2813,3
2814,3
2815,3
2816,3
2817,3
2818,3
2819,3
2820,9
2821,9
2822,9
2823,9
2824,9
2825,9
2826,3
2827,3
2828,3
2829,3
2830,3
2831,9
2832,3
2833,3
2834,3
2835,9
2836,9
2837,9
2838,3
2839,3
2840,3
2841,3
2842,9
2843,9
2844,9
2845,9
2846,3
2847,3
2848,3
2849,3
2850,3
2851,3
2852,3
2853,3
2854,3
2855,3
2856,9
2857,3
2858,3
2859,9
2860,9
2861,9
2862,3
2863,3
2864,3
2865,9
2866,9
2867,9
2868,9
2869,9
2870,9
2871,3
2872,9
2873,3
2874,9
2875,9
2876,9
2877,3
2878,3
2879,3
2880,9
2881,9
2882,3
2883,3
2884,3
2885,3
2886,9
2887,3
2888,9
2889,9
2890,9
2891,9
2892,3
2893,3
2894,3
2895,3
2896,3
2897,3
2898,3
2899,3
2900,3
2901,3
2902,3
2903,3
2904,9
2905,9
2906,9
2907,9
2908,9
2909,9
2910,9
2911,3
2912,9
2913,3
2914,3
2915,3
2916,9
2917,9
2918,9
2919,3
2920,3
2921,3
2922,3
2923,3
2924,3
2925,3
2926,9
2927,3
2928,3
2929,3
2930,3
2931,3
2932,3
2933,3
2934,9
2935,9
2936,3
2937,9
2938,9
2939,9
2940,3
2941,3
2942,3
2943,3
2944,3
2945,3
2946,3
2947,3
2948,3
2949,9
2950,3
2951,3
2952,3
2953,3
2954,3
2955,9
2956,9
2957,3
2958,9
2959,9
2960,3
2961,9
2962,3
2963,3
2964,3
2965,9
2966,3
2967,3
2968,9
2969,3
2970,9
2971,3
2972,3
2973,3
2974,3
2975,3
2976,9
2977,9
2978,9
2979,3
2980,3
2981,3
2982,9
2983,9
2984,9
2985,9
2986,9
2987,9
2988,3
2989,3
2990,3
2991,3
2992,3
2993,3
2994,3
2995,9
2996,9
2997,3
2998,3
2999,9
3000,9
3001,9
3002,3
3003,3
3004,6
3005,9
3006,9
3007,9
3008,9
3009,3
3010,3
3011,9
3012,9
3013,9
3014,9
3015,9
3016,9
3017,9
3018,9
3019,9
3020,9
3021,9
3022,9
3023,9
3024,9
3025,9
3026,9
3027,3
3028,3
3029,3
3030,3
3031,9
3032,9
3033,3
3034,9
3035,9
3036,3
3037,3
3038,3
3039,3
3040,3
3041,3
3042,3
3043,3
3044,3
3045,3
3046,3
3047,3
3048,3
3049,3
3050,3
3051,9
3052,3
3053,3
3054,3
3055,3
3056,3
3057,9
3058,9
3059,3
3060,9
3061,9
3062,9
3063,3
3064,3
3065,9
3066,3
3067,3
3068,3
3069,9
3070,9
3071,9
3072,9
3073,9
3074,9
3075,3
3076,3
3077,3
3078,9
3079,9
3080,9
3081,3
3082,3
3083,3
3084,9
3085,3
3086,9
3087,9
3088,9
3089,9
3090,9
3091,9
3092,9
3093,9
3094,9
3095,9
3096,3
3097,3
3098,3
3099,9
3100,9
3101,9
3102,9
3103,9
3104,3
3105,3
3106,3
3107,9
3108,9
3109,3
3110,3
3111,3
3112,3
3113,9
3114,3
3115,3
3116,3
3117,3
3118,3
3119,9
3120,3
3121,3
3122,3
3123,9
3124,3
3125,3
3126,3
3127,3
3128,3
3129,9
3130,9
3131,9
3132,9
3133,9
3134,9
3135,9
3136,9
3137,9
3138,3
3139,3
3140,3
3141,3
3142,3
3143,3
3144,9
3145,9
3146,9
3147,3
3148,3
3149,3
3150,9
3151,9
3152,9
3153,9
3154,3
3155,3
3156,3
3157,3
3158,3
3159,3
3160,3
3161,3
3162,3
3163,3
3164,3
3165,3
3166,3
3167,3
3168,9
3169,9
3170,9
3171,3
3172,3
3173,3
3174,9
3175,9
3176,9
3177,3
3178,3
3179,3
3180,3
3181,3
3182,3
3183,9
3184,9
3185,9
3186,9
3187,9
3188,9
3189,3
3190,9
3191,3
3192,3
3193,3
3194,3
3195,9
3196,9
3197,9
3198,3
3199,9
3200,3
3201,3
3202,3
3203,3
3204,9
3205,9
3206,9
3207,3
3208,3
3209,3
3210,9
3211,9
3212,9
3213,9
3214,9
3215,9
3216,3
3217,9
3218,9
3219,9
3220,9
3221,9
3222,9
3223,9
3224,3
3225,9
3226,9
3227,9
3228,9
3229,3
3230,9
3231,9
3232,9
3233,9
3234,9
3235,9
3236,9
3237,3
3238,3
3239,3
3240,9
3241,3
3242,9
3243,3
3244,3
3245,3
3246,9
3247,9
3248,9
3249,3
3250,3
3251,3
3252,9
3253,9
3254,9
3255,9
3256,9
3257,9
3258,9
3259,9
3260,9
3261,3
3262,3
3263,3
3264,9
3265,9
3266,9
3267,3
3268,9
3269,3
3270,3
3271,3
3272,3
3273,9
3274,3
3275,3
3276,9
3277,3
3278,3
3279,9
3280,9
3281,9
3282,3
3283,3
3284,3
3285,3
3286,3
3287,3
3288,9
3289,3
3290,3
3291,3
3292,3
3293,3
3294,9
3295,9
3296,9
3297,9
3298,9
3299,9
3300,9
3301,9
3302,9
3303,9
3304,9
3305,9
3306,3
3307,3
3308,3
3309,9
3310,9
3311,9
3312,9
3313,9
3314,9
3315,9
3316,9
3317,3
3318,3
3319,9
3320,3
3321,3
3322,3
3323,3
3324,9
3325,9
3326,9
3327,9
3328,9
3329,9
3330,3
3331,3
3332,3
3333,3
3334,3
3335,3
3336,3
3337,3
3338,3
3339,9
3340,9
3341,9
3342,9
3343,3
3344,3
3345,9
3346,9
3347,3
3348,9
3349,9
3350,9
3351,9
3352,3
3353,9
3354,3
3355,3
3356,3
3357,3
3358,3
3359,9
3360,9
3361,9
3362,9
3363,3
3364,3
3365,3
3366,3
3367,3
3368,3
3369,9
3370,9
3371,9
3372,9
3373,9
3374,9
3375,3
3376,9
3377,9
3378,3
3379,3
3380,3
3381,3
3382,9
3383,9
3384,3
3385,3
3386,3
3387,3
3388,3
3389,3
3390,3
3391,3
3392,3
3393,9
3394,9
3395,9
3396,3
3397,3
3398,3
3399,9
3400,9
3401,9
3402,3
3403,3
3404,3
3405,9
3406,9
3407,9
3408,9
3409,9
3410,9
3411,9
3412,3
3413,3
3414,9
3415,3
3416,9
3417,3
3418,3
3419,3
3420,9
3421,9
3422,9
3423,3
3424,3
3425,3
3426,3
3427,3
3428,9
3429,3
3430,9
3431,3
3432,3
3433,3
3434,3
3435,9
3436,9
3437,9
3438,9
3439,9
3440,9
3441,3
3442,3
3443,3
3444,9
3445,9
3446,9
3447,3
3448,9
3449,9
3450,3
3451,3
3452,3
3453,3
3454,3
3455,3
3456,3
3457,9
3458,9
3459,3
3460,3
3461,3
3462,9
3463,9
3464,9
3465,9
3466,3
3467,9
3468,3
3469,3
3470,3
3471,9
3472,9
3473,9
3474,3
3475,3
3476,3
3477,9
3478,9
3479,9
3480,9
3481,9
3482,3
3483,9
3484,9
3485,9
3486,9
3487,9
3488,9
3489,3
3490,3
3491,3
3492,3
3493,3
3494,3
3495,9
3496,9
3497,9
3498,9
3499,9
3500,3
3501,9
3502,9
3503,9
3504,9
3505,9
3506,9
3507,3
3508,3
3509,3
3510,3
3511,3
3512,3
3513,9
3514,9
3515,9
3516,9
3517,3
3518,9
3519,3
3520,3
3521,9
3522,9
3523,9
3524,9
3525,9
3526,9
3527,9
3528,9
3529,9
3530,9
3531,3
3532,3
3533,3
3534,9
3535,9
3536,9
3537,3
3538,3
3539,3
3540,3
3541,3
3542,3
3543,3
3544,3
3545,3
3546,3
3547,3
3548,3
3549,3
3550,3
3551,3
3552,3
3553,3
3554,3
3555,9
3556,9
3557,9
3558,3
3559,9
3560,9
3561,9
3562,9
3563,3
3564,9
3565,3
3566,3
3567,3
3568,3
3569,3
3570,3
3571,3
3572,3
3573,9
3574,9
3575,9
3576,3
3577,3
3578,3
3579,3
3580,3
3581,3
3582,9
3583,9
3584,9
3585,3
3586,3
3587,3
3588,3
3589,3
3590,3
3591,3
3592,9
3593,9
3594,9
3595,9
3596,9
3597,3
3598,9
3599,9
3600,3
3601,3
3602,3
3603,3
3604,3
3605,3
3606,9
3607,9
3608,9
3609,3
3610,9
3611,9
3612,3
3613,3
3614,3
3615,9
3616,9
3617,9
3618,3
3619,3
3620,3
3621,9
3622,9
3623,9
3624,9
3625,9
3626,9
3627,9
3628,9
3629,9
3630,3
3631,3
3632,9
3633,9
3634,9
3635,9
3636,3
3637,3
3638,3
3639,9
3640,9
3641,9
3642,3
3643,3
3644,3
3645,3
3646,3
3647,3
3648,9
3649,9
3650,9
3651,9
3652,9
3653,9
3654,9
3655,9
3656,9
3657,9
3658,9
3659,9
3660,9
3661,9
3662,9
3663,3
3664,9
3665,3
3666,3
3667,3
3668,3
3669,9
3670,9
3671,6
3672,3
3673,3
3674,3
3675,3
3676,3
3677,3
3678,3
3679,3
3680,3
3681,9
3682,9
3683,9
3684,3
3685,3
3686,3
3687,3
3688,3
3689,3
3690,3
3691,3
3692,9
3693,9
3694,9
3695,9
3696,9
3697,9
3698,9
3699,9
3700,9
3701,9
3702,3
3703,3
3704,3
3705,3
3706,3
3707,3
3708,3
3709,3
3710,3
3711,3
3712,3
3713,3
3714,9
3715,3
3716,3
3717,3
3718,3
3719,3
3720,3
3721,3
3722,9
3723,3
3724,9
3725,9
3726,9
3727,3
3728,9
3729,3
3730,3
3731,9
3732,3
3733,3
3734,3
3735,9
3736,3
3737,3
3738,9
3739,9
3740,3
3741,9
3742,9
3743,9
3744,3
3745,3
3746,3
3747,3
3748,3
3749,3
3750,9
3751,9
3752,9
3753,9
3754,9
3755,9
3756,3
3757,9
3758,9
3759,3
3760,3
3761,3
3762,3
3763,3
3764,3
3765,9
3766,9
3767,9
3768,3
3769,3
3770,3
3771,3
3772,9
3773,3
3774,3
3775,9
3776,3
3777,3
3778,3
3779,3
3780,9
3781,3
3782,9
3783,9
3784,9
3785,9
3786,3
3787,3
3788,3
3789,3
3790,3
3791,3
3792,9
3793,9
3794,9
3795,9
3796,3
3797,3
3798,3
3799,3
3800,9
3801,9
3802,9
3803,9
3804,9
3805,3
3806,3
3807,3
3808,3
3809,3
3810,9
3811,3
3812,3
3813,9
3814,9
3815,9
3816,3
3817,3
3818,3
3819,9
3820,3
3821,3
3822,3
3823,3
3824,3
3825,3
3826,3
3827,3
3828,3
3829,3
3830,3
3831,3
3832,3
3833,3
3834,3
3835,9
3836,3
3837,9
3838,9
3839,9
3840,9
3841,3
3842,3
3843,9
3844,9
3845,3
3846,3
3847,9
3848,3
3849,3
3850,3
3851,9
3852,9
3853,9
3854,3
3855,3
3856,3
3857,3
3858,9
3859,9
3860,9
3861,9
3862,9
3863,9
3864,9
3865,3
3866,9
3867,3
3868,3
3869,3
3870,3
3871,3
3872,3
3873,3
3874,9
3875,9
3876,9
3877,9
3878,3
3879,9
3880,9
3881,9
3882,3
3883,3
3884,3
3885,9
3886,9
3887,9
3888,9
3889,9
3890,9
3891,9
3892,9
3893,9
3894,9
3895,3
3896,3
3897,9
3898,9
3899,9
3900,9
3901,9
3902,9
3903,3
3904,9
3905,9
3906,3
3907,3
3908,9
3909,3
3910,9
3911,3
3912,3
3913,3
3914,3
3915,9
3916,9
3917,9
3918,9
3919,3
3920,3
3921,3
3922,3
3923,3
3924,3
3925,3
3926,3
3927,3
3928,9
3929,3
3930,3
3931,9
3932,9
3933,9
3934,9
3935,9
3936,3
3937,3
3938,3
3939,3
3940,3
3941,3
3942,3
3943,3
3944,3
3945,9
3946,9
3947,9
3948,3
3949,3
3950,3
3951,3
3952,3
3953,3
3954,9
3955,9
3956,9
3957,9
3958,9
3959,9
3960,9
3961,9
3962,9
3963,9
3964,9
3965,9
3966,3
3967,9
3968,9
3969,9
3970,3
3971,9
3972,3
3973,3
3974,3
3975,3
3976,3
3977,3
3978,3
3979,3
3980,9
3981,3
3982,3
3983,9
3984,3
3985,3
3986,3
3987,3
3988,3
3989,3
3990,9
3991,3
3992,9
3993,3
3994,3
3995,3
3996,9
3997,9
3998,9
3999,9
4000,9
4001,9
4002,9
4003,9
4004,9
4005,3
4006,3
4007,3
4008,9
4009,9
4010,3
4011,9
4012,9
4013,9
4014,9
4015,9
4016,9
4017,3
4018,3
4019,3
4020,3
4021,3
4022,3
4023,9
4024,9
4025,9
4026,3
4027,3
4028,3
4029,9
4030,3
4031,3
4032,3
4033,3
4034,3
4035,9
4036,3
4037,3
4038,3
4039,3
4040,9
4041,3
4042,3
4043,3
4044,3
4045,3
4046,3
4047,3
4048,3
4049,3
4050,3
4051,3
4052,3
4053,3
4054,3
4055,3
4056,9
4057,9
4058,9
4059,9
4060,9
4061,9
4062,3
4063,3
4064,9
4065,3
4066,3
4067,3
4068,9
4069,9
4070,9
4071,3
4072,3
4073,3
4074,9
4075,9
4076,9
4077,3
4078,9
4079,3
4080,9
4081,9
4082,9
4083,3
4084,3
4085,3
4086,9
4087,9
4088,9
4089,3
4090,3
4091,3
4092,3
4093,3
4094,3
4095,9
4096,3
4097,9
4098,3
4099,3
4100,3
4101,9
4102,9
4103,9
4104,3
4105,9
4106,9
4107,3
4108,3
4109,9
4110,9
4111,9
4112,9
4113,9
4114,9
4115,9
4116,9
4117,3
4118,3
4119,9
4120,3
4121,3
4122,3
4123,3
4124,3
4125,3
4126,3
4127,3
4128,3
4129,3
4130,9
4131,9
4132,9
4133,9
4134,9
4135,9
4136,9
4137,9
4138,9
4139,9
4140,3
4141,3
4142,3
4143,3
4144,3
4145,3
4146,3
4147,3
4148,3
4149,3
4150,3
4151,3
4152,9
4153,9
4154,3
4155,3
4156,3
4157,3
4158,3
4159,3
4160,3
4161,9
4162,9
4163,9
4164,9
4165,9
4166,9
4167,3
4168,3
4169,3
4170,9
4171,9
4172,9
4173,9
4174,9
4175,9
4176,3
4177,3
4178,3
4179,3
4180,3
4181,3
4182,3
4183,3
4184,3
4185,3
4186,3
4187,9
4188,9
4189,9
4190,9
4191,3
4192,3
4193,3
4194,3
4195,3
4196,3
4197,9
4198,9
4199,9
4200,3
4201,3
4202,3
4203,3
4204,3
4205,3
4206,3
4207,9
4208,9
4209,3
4210,3
4211,3
4212,3
4213,3
4214,3
4215,9
4216,9
4217,9
4218,3
4219,3
4220,3
4221,3
4222,3
4223,3
4224,3
4225,3
4226,3
4227,3
4228,3
4229,3
4230,9
4231,3
4232,3
4233,3
4234,3
4235,3
4236,3
4237,3
4238,3
4239,9
4240,9
4241,9
4242,3
4243,3
4244,3
4245,3
4246,3
4247,3
4248,9
4249,9
4250,9
4251,9
4252,9
4253,3
4254,3
4255,3
4256,3
4257,3
4258,3
4259,3
4260,3
4261,3
4262,3
4263,9
4264,9
4265,9
4266,9
4267,3
4268,3
4269,9
4270,9
4271,9
4272,3
4273,3
4274,3
4275,9
4276,3
4277,3
4278,9
4279,9
4280,9
4281,3
4282,3
4283,3
4284,3
4285,9
4286,9
4287,3
4288,3
4289,3
4290,3
4291,3
4292,3
4293,3
4294,3
4295,3
4296,3
4297,3
4298,3
4299,3
4300,3
4301,3
4302,3
4303,3
4304,3
4305,3
4306,3
4307,9
4308,3
4309,3
4310,3
4311,3
4312,3
4313,3
4314,3
4315,3
4316,3
4317,3
4318,3
4319,3
4320,3
4321,3
4322,3
4323,3
4324,9
4325,9
4326,9
4327,9
4328,9
4329,3
4330,3
4331,9
4332,9
4333,9
4334,9
4335,9
4336,9
4337,3
4338,3
4339,3
4340,3
4341,3
4342,9
4343,9
4344,9
4345,9
4346,9
4347,9
4348,9
4349,9
4350,9
4351,9
4352,9
4353,3
4354,3
4355,3
4356,9
4357,9
4358,9
4359,3
4360,3
4361,3
4362,9
4363,3
4364,9
4365,9
4366,9
4367,3
4368,9
4369,9
4370,9
4371,9
4372,9
4373,3
4374,3
4375,3
4376,3
4377,3
4378,3
4379,3
4380,9
4381,9
4382,3
4383,3
4384,3
4385,3
4386,9
4387,9
4388,9
4389,9
4390,9
4391,9
4392,3
4393,3
4394,3
4395,9
4396,9
4397,9
4398,3
4399,3
4400,3
4401,9
4402,9
4403,9
4404,9
4405,3
4406,9
4407,3
4408,3
4409,3
4410,3
4411,3
4412,3
4413,3
4414,9
4415,3
4416,9
4417,9
4418,3
4419,3
4420,3
4421,3
4422,3
4423,3
4424,9
4425,9
4426,9
4427,9
4428,9
4429,9
4430,9
4431,3
4432,3
4433,3
4434,9
4435,9
4436,9
4437,3
4438,3
4439,3
4440,3
4441,3
4442,3
4443,9
4444,9
4445,3
4446,9
4447,9
4448,9
4449,9
4450,9
4451,9
4452,3
4453,9
4454,9
4455,9
4456,9
4457,9
4458,9
4459,9
4460,9
4461,3
4462,9
4463,9
4464,9
4465,3
4466,3
4467,9
4468,9
4469,9
4470,9
4471,9
4472,9
4473,3
4474,3
4475,3
4476,3
4477,3
4478,3
4479,3
4480,3
4481,3
4482,3
4483,3
4484,3
4485,3
4486,3
4487,3
4488,3
4489,3
4490,3
4491,9
4492,9
4493,9
4494,3
4495,3
4496,3
4497,3
4498,3
4499,3
4500,3
4501,3
4502,3
4503,3
4504,3
4505,3
4506,9
4507,9
4508,9
4509,3
4510,3
4511,3
4512,3
4513,3
4514,3
4515,3
4516,3
4517,3
4518,9
4519,9
4520,9
4521,3
4522,3
4523,3
4524,3
4525,3
4526,3
4527,9
4528,3
4529,9
4530,3
4531,3
4532,3
4533,9
4534,9
4535,9
4536,3
4537,9
4538,9
4539,9
4540,9
4541,9
4542,9
4543,9
4544,9
4545,9
4546,9
4547,9
4548,9
4549,3
4550,9
4551,9
4552,9
4553,9
4554,9
4555,9
4556,9
4557,9
4558,9
4559,9
4560,9
4561,3
4562,3
4563,3
4564,3
4565,3
4566,9
4567,9
4568,9
4569,3
4570,3
4571,3
4572,3
4573,3
4574,3
4575,3
4576,9
4577,9
4578,3
4579,3
4580,3
4581,9
4582,9
4583,9
4584,9
4585,9
4586,9
4587,9
4588,9
4589,9
4590,3
4591,3
4592,3
4593,9
4594,9
4595,3
4596,3
4597,9
4598,3
4599,3
4600,3
4601,3
4602,9
4603,9
4604,9
4605,3
4606,3
4607,3
4608,3
4609,3
4610,3
4611,9
4612,9
4613,9
4614,3
4615,3
4616,3
4617,9
4618,9
4619,9
4620,9
4621,9
4622,9
4623,9
4624,3
4625,3
4626,9
4627,3
4628,9
4629,3
4630,3
4631,3
4632,3
4633,3
4634,9
4635,9
4636,3
4637,9
4638,3
4639,3
4640,3
4641,9
4642,9
4643,9
4644,9
4645,9
4646,9
4647,3
4648,3
4649,3
4650,3
4651,3
4652,3
4653,9
4654,9
4655,9
4656,3
4657,3
4658,3
4659,9
4660,3
4661,3
4662,9
4663,9
4664,9
4665,9
4666,9
4667,9
4668,3
4669,3
4670,3
4671,3
4672,3
4673,3
4674,3
4675,3
4676,3
4677,3
4678,3
4679,3
4680,3
4681,3
4682,3
4683,9
4684,9
4685,3
4686,3
4687,3
4688,3
4689,9
4690,9
4691,9
4692,9
4693,3
4694,3
4695,3
4696,3
4697,3
4698,9
4699,9
4700,9
4701,9
4702,3
4703,9
4704,9
4705,9
4706,9
4707,9
4708,9
4709,9
4710,3
4711,3
4712,3
4713,3
4714,3
4715,9
4716,9
4717,9
4718,9
4719,9
4720,9
4721,9
4722,9
4723,9
4724,9
4725,9
4726,9
4727,3
4728,3
4729,3
4730,3
4731,3
4732,3
4733,3
4734,3
4735,3
4736,9
4737,9
4738,9
4739,9
4740,9
4741,9
4742,9
4743,3
4744,3
4745,3
4746,9
4747,9
4748,9
4749,9
4750,9
4751,9
4752,9
4753,9
4754,9
4755,3
4756,3
4757,3
4758,3
4759,3
4760,3
4761,3
4762,3
4763,3
4764,3
4765,3
4766,3
4767,9
4768,9
4769,9
4770,3
4771,3
4772,3
4773,9
4774,3
4775,3
4776,3
4777,3
4778,3
4779,9
4780,9
4781,3
4782,3
4783,9
4784,3
4785,9
4786,9
4787,9
4788,9
4789,9
4790,9
4791,3
4792,3
4793,3
4794,3
4795,3
4796,9
4797,9
4798,9
4799,9
4800,9
4801,9
4802,9
4803,9
4804,3
4805,9
4806,9
4807,9
4808,9
4809,3
4810,3
4811,3
4812,3
4813,3
4814,9
4815,9
4816,9
4817,9
4818,9
4819,9
4820,3
4821,3
4822,3
4823,3
4824,3
4825,9
4826,9
4827,3
4828,3
4829,3
4830,3
4831,3
4832,3
4833,9
4834,9
4835,9
4836,9
4837,9
4838,9
4839,3
4840,3
4841,3
4842,3
4843,3
4844,3
4845,9
4846,9
4847,9
4848,9
4849,9
4850,9
4851,9
4852,9
4853,9
4854,3
4855,3
4856,3
4857,9
4858,9
4859,9
4860,3
4861,9
4862,3
4863,9
4864,3
4865,3
4866,9
4867,9
4868,9
4869,3
4870,3
4871,3
4872,9
4873,9
4874,9
4875,9
4876,9
4877,9
4878,3
4879,3
4880,3
4881,9
4882,9
4883,9
4884,9
4885,9
4886,9
4887,9
4888,9
4889,9
4890,9
4891,9
4892,9
4893,9
4894,9
4895,3
4896,9
4897,3
4898,3
4899,9
4900,3
4901,3
4902,3
4903,3
4904,3
4905,9
4906,9
4907,9
4908,3
4909,3
4910,3
4911,3
4912,3
4913,3
4914,9
4915,9
4916,9
4917,9
4918,9
4919,9
4920,3
4921,3
4922,3
4923,3
4924,3
4925,3
4926,3
4927,3
4928,3
4929,3
4930,3
4931,3
4932,3
4933,3
4934,3
4935,3
4936,9
4937,9
4938,3
4939,3
4940,3
4941,9
4942,9
4943,9
4944,9
4945,9
4946,9
4947,9
4948,9
4949,9
4950,3
4951,3
4952,3
4953,9
4954,9
4955,9
4956,3
4957,3
4958,3
4959,9
4960,9
4961,9
4962,9
4963,9
4964,9
4965,3
4966,9
4967,9
4968,9
4969,9
4970,9
4971,9
4972,9
4973,3
4974,3
4975,9
4976,9
4977,3
4978,3
4979,3
4980,3
4981,3
4982,3
4983,3
4984,3
4985,9
4986,9
4987,9
4988,9
4989,3
4990,3
4991,3
4992,9
4993,9
4994,9
4995,3
4996,3
4997,3
4998,9
4999,3
5000,9
5001,9
5002,9
5003,9
5004,3
5005,9
5006,3
5007,3
5008,3
5009,3
5010,9
5011,9
5012,9
5013,9
5014,9
5015,9
5016,3
5017,3
5018,9
5019,3
5020,3
5021,3
5022,9
5023,9
5024,9
5025,3
5026,3
5027,3
5028,3
5029,9
5030,9
5031,9
5032,9
5033,3
5034,3
5035,3
5036,3
5037,3
5038,3
5039,3
5040,3
5041,3
5042,3
5043,3
5044,3
5045,9
5046,3
5047,3
5048,3
5049,9
5050,9
5051,9
5052,9
5053,9
5054,9
5055,3
5056,3
5057,3
5058,9
5059,9
5060,9
5061,9
5062,9
5063,9
5064,3
5065,3
5066,3
5067,3
5068,3
5069,3
5070,3
5071,3
5072,3
5073,9
5074,3
5075,9
5076,9
5077,9
5078,9
5079,3
5080,3
5081,3
5082,9
5083,9
5084,9
5085,9
5086,9
5087,3
5088,9
5089,9
5090,9
5091,3
5092,3
5093,3
5094,3
5095,3
5096,3
5097,3
5098,3
5099,3
5100,9
5101,3
5102,9
5103,3
5104,3
5105,3
5106,9
5107,9
5108,9
5109,3
5110,3
5111,3
5112,9
5113,3
5114,3
5115,9
5116,9
5117,9
5118,9
5119,9
5120,9
5121,3
5122,3
5123,3
5124,3
5125,3
5126,3
5127,3
5128,3
5129,3
5130,3
5131,3
5132,3
5133,3
5134,3
5135,3
5136,9
5137,9
5138,3
5139,9
5140,3
5141,9
5142,3
5143,3
5144,3
5145,3
5146,3
5147,3
5148,3
5149,3
5150,3
5151,9
5152,9
5153,9
5154,9
5155,9
5156,3
5157,9
5158,3
5159,3
5160,3
5161,3
5162,3
5163,9
5164,9
5165,9
5166,9
5167,9
5168,9
5169,3
5170,3
5171,3
5172,9
5173,9
5174,9
5175,3
5176,3
5177,3
5178,3
5179,9
5180,3
5181,3
5182,3
5183,3
5184,3
5185,3
5186,3
5187,3
5188,9
5189,3
5190,3
5191,3
5192,3
5193,9
5194,9
5195,9
5196,9
5197,9
5198,3
5199,9
5200,9
5201,9
5202,9
5203,9
5204,9
5205,3
5206,3
5207,3
5208,9
5209,9
5210,9
5211,3
5212,3
5213,3
5214,3
5215,3
5216,3
5217,9
5218,9
5219,9
5220,3
5221,9
5222,9
5223,3
5224,9
5225,9
5226,3
5227,3
5228,3
5229,3
5230,3
5231,3
5232,9
5233,3
5234,9
5235,9
5236,9
5237,9
5238,3
5239,3
5240,3
5241,3
5242,3
5243,3
5244,9
5245,9
5246,9
5247,9
5248,3
5249,9
5250,3
5251,3
5252,3
5253,3
5254,3
5255,3
5256,3
5257,3
5258,3
5259,9
5260,9
5261,3
5262,3
5263,3
5264,3
5265,9
5266,9
5267,9
5268,9
5269,3
5270,9
5271,3
5272,3
5273,3
5274,9
5275,9
5276,9
5277,9
5278,9
5279,9
5280,3
5281,3
5282,3
5283,3
5284,3
5285,9
5286,3
5287,3
5288,3
5289,9
5290,9
5291,9
5292,3
5293,3
5294,9
5295,3
5296,3
5297,3
5298,3
5299,9
5300,9
5301,3
5302,9
5303,9
5304,3
5305,3
5306,3
5307,3
5308,3
5309,3
5310,9
5311,9
5312,9
5313,3
5314,3
5315,3
5316,9
5317,9
5318,9
5319,3
5320,3
5321,3
5322,9
5323,9
5324,9
5325,3
5326,3
5327,3
5328,9
5329,9
5330,9
5331,3
5332,9
5333,3
5334,9
5335,9
5336,9
5337,9
5338,9
5339,9
5340,3
5341,9
5342,3
5343,9
5344,9
5345,9
5346,9
5347,9
5348,9
5349,3
5350,3
5351,3
5352,3
5353,3
5354,3
5355,9
5356,9
5357,9
5358,3
5359,3
5360,3
5361,3
5362,3
5363,3
5364,3
5365,3
5366,3
5367,3
5368,3
5369,3
5370,9
5371,9
5372,9
5373,3
5374,3
5375,3
5376,3
5377,3
5378,3
5379,3
5380,3
5381,3
5382,9
5383,3
5384,9
5385,9
5386,9
5387,9
5388,3
5389,3
5390,3
5391,3
5392,3
5393,3
5394,9
5395,9
5396,3
5397,3
5398,3
5399,3
5400,9
5401,9
5402,9
5403,9
5404,9
5405,9
5406,3
5407,3
5408,3
5409,3
5410,3
5411,3
5412,3
5413,3
5414,9
5415,3
5416,3
5417,9
5418,3
5419,3
5420,3
5421,9
5422,9
5423,3
5424,9
5425,9
5426,9
5427,3
5428,9
5429,9
5430,9
5431,9
5432,9
5433,9
5434,9
5435,9
5436,3
5437,9
5438,9
5439,3
5440,9
5441,3
5442,3
5443,9
5444,3
5445,3
5446,3
5447,3
5448,3
5449,3
5450,3
5451,9
5452,3
5453,9
5454,9
5455,9
5456,3
5457,9
5458,3
5459,3
5460,9
5461,9
5462,9
5463,3
5464,3
5465,3
5466,9
5467,3
5468,9
5469,3
5470,3
5471,3
5472,9
5473,9
5474,9
5475,9
5476,9
5477,9
5478,3
5479,3
5480,3
5481,3
5482,3
5483,3
5484,3
5485,3
5486,3
5487,3
5488,9
5489,3
5490,3
5491,9
5492,3
5493,9
5494,9
5495,9
5496,3
5497,3
5498,3
5499,9
5500,9
5501,9
5502,3
5503,9
5504,9
5505,9
5506,9
5507,9
5508,3
5509,3
5510,3
5511,3
5512,3
5513,3
5514,9
5515,9
5516,9
5517,9
5518,9
5519,9
5520,9
5521,9
5522,3
5523,9
5524,9
5525,9
5526,9
5527,9
5528,3
5529,3
5530,3
5531,3
5532,3
5533,3
5534,3
5535,9
5536,9
5537,9
5538,9
5539,9
5540,3
5541,3
5542,3
5543,3
5544,9
5545,3
5546,3
5547,9
5548,3
5549,9
5550,3
5551,9
5552,9
5553,3
5554,3
5555,3
5556,9
5557,9
5558,9
5559,3
5560,3
5561,3
5562,9
5563,9
5564,9
5565,3
5566,9
5567,9
5568,3
5569,9
5570,9
5571,9
5572,9
5573,3
5574,3
5575,9
5576,9
5577,9
5578,9
5579,9
5580,9
5581,9
5582,9
5583,9
5584,9
5585,9
5586,3
5587,3
5588,3
5589,3
5590,3
5591,3
5592,3
5593,3
5594,3
5595,3
5596,3
5597,3
5598,3
5599,3
5600,3
5601,3
5602,3
5603,3
5604,3
5605,3
5606,3
5607,3
5608,3
5609,3
5610,9
5611,9
5612,9
5613,3
5614,3
5615,3
5616,3
5617,3
5618,3
5619,9
5620,9
5621,9
5622,3
5623,9
5624,3
5625,9
5626,9
5627,9
5628,9
5629,9
5630,9
5631,9
5632,9
5633,9
5634,3
5635,3
5636,3
5637,3
5638,3
5639,3
5640,9
5641,9
5642,9
5643,9
5644,9
5645,9
5646,3
5647,3
5648,3
5649,3
5650,3
5651,3
5652,3
5653,3
5654,9
5655,3
5656,3
5657,3
5658,3
5659,3
5660,3
5661,3
5662,3
5663,3
5664,3
5665,3
5666,3
5667,3
5668,3
5669,3
5670,3
5671,3
5672,3
5673,3
5674,3
5675,3
5676,3
5677,9
5678,9
5679,9
5680,9
5681,9
5682,3
5683,3
5684,3
5685,3
5686,3
5687,3
5688,9
5689,9
5690,9
5691,3
5692,3
5693,3
5694,3
5695,3
5696,3
5697,3
5698,3
5699,3
5700,3
5701,9
5702,9
5703,3
5704,9
5705,9
5706,3
5707,3
5708,3
5709,3
5710,3
5711,3
5712,9
5713,9
5714,9
5715,3
5716,3
5717,3
5718,3
5719,9
5720,9
5721,3
5722,3
5723,3
5724,9
5725,9
5726,3
5727,9
5728,9
5729,9
5730,9
5731,9
5732,9
5733,9
5734,9
5735,9
5736,9
5737,9
5738,9
5739,9
5740,3
5741,3
5742,3
5743,3
5744,3
5745,9
5746,9
5747,9
5748,3
5749,3
5750,3
5751,3
5752,9
5753,3
5754,9
5755,9
5756,9
5757,3
5758,9
5759,9
5760,3
5761,3
5762,3
5763,9
5764,9
5765,9
5766,3
5767,3
5768,3
5769,9
5770,9
5771,9
5772,9
5773,9
5774,3
5775,3
5776,3
5777,3
5778,9
5779,9
5780,9
5781,3
5782,3
5783,3
5784,9
5785,9
5786,9
5787,3
5788,3
5789,3
5790,9
5791,9
5792,9
5793,3
5794,3
5795,3
5796,9
5797,9
5798,9
5799,9
5800,9
5801,9
5802,9
5803,9
5804,9
5805,9
5806,9
5807,9
5808,9
5809,3
5810,9
5811,3
5812,9
5813,3
5814,3
5815,3
5816,3
5817,9
5818,9
5819,9
5820,3
5821,3
5822,3
5823,9
5824,9
5825,9
5826,3
5827,3
5828,3
5829,3
5830,3
5831,3
5832,3
5833,3
5834,3
5835,9
5836,3
5837,3
5838,3
5839,3
5840,3
5841,9
5842,9
5843,9
5844,3
5845,9
5846,3
5847,3
5848,3
5849,9
5850,9
5851,9
5852,9
5853,9
5854,9
5855,3
5856,3
5857,3
5858,3
5859,9
5860,3
5861,3
5862,3
5863,3
5864,3
5865,9
5866,9
5867,9
5868,9
5869,9
5870,9
5871,3
5872,3
5873,3
5874,3
5875,3
5876,3
5877,3
5878,3
5879,3
5880,3
5881,3
5882,3
5883,9
5884,9
5885,9
5886,9
5887,9
5888,9
5889,3
5890,3
5891,3
5892,9
5893,9
5894,3
5895,3
5896,3
5897,3
5898,9
5899,9
5900,9
5901,9
5902,9
5903,9
5904,3
5905,3
5906,3
5907,3
5908,3
5909,3
5910,3
5911,3
5912,3
5913,3
5914,3
5915,3
5916,3
5917,3
5918,3
5919,3
5920,3
5921,3
5922,3
5923,3
5924,3
5925,9
5926,9
5927,9
5928,3
5929,3
5930,3
5931,9
5932,9
5933,9
5934,3
5935,9
5936,9
5937,3
5938,3
5939,3
5940,3
5941,3
5942,9
5943,3
5944,9
5945,3
5946,9
5947,9
5948,9
5949,9
5950,3
5951,3
5952,3
5953,3
5954,3
5955,3
5956,9
5957,3
5958,9
5959,9
5960,9
5961,3
5962,3
5963,3
5964,9
5965,9
5966,9
5967,3
5968,3
5969,3
5970,3
5971,3
5972,3
5973,9
5974,9
5975,9
5976,3
5977,3
5978,3
5979,9
5980,9
5981,9
5982,9
5983,9
5984,9
5985,9
5986,9
5987,9
5988,3
5989,3
5990,3
5991,9
5992,9
5993,9
5994,3
5995,3
5996,3
5997,9
5998,9
5999,9
6000,3
6001,3
6002,3
6003,3
6004,9
6005,3
6006,9
6007,9
6008,9
6009,3
6010,3
6011,3
6012,3
6013,3
6014,3
6015,3
6016,3
6017,9
6018,3
6019,3
6020,3
6021,3
6022,9
6023,3
6024,9
6025,3
6026,9
6027,9
6028,9
6029,3
6030,9
6031,9
6032,9
6033,3
6034,3
6035,3
6036,9
6037,9
6038,9
6039,9
6040,9
6041,9
6042,3
6043,3
6044,3
6045,3
6046,3
6047,9
6048,3
6049,3
6050,3
6051,9
6052,9
6053,9
6054,3
6055,3
6056,3
6057,9
6058,9
6059,9
6060,9
6061,9
6062,9
6063,9
6064,3
6065,9
6066,3
6067,3
6068,3
6069,3
6070,9
6071,3
6072,3
6073,3
6074,3
6075,9
6076,9
6077,3
6078,3
6079,9
6080,9
6081,3
6082,9
6083,3
6084,9
6085,9
6086,9
6087,3
6088,3
6089,3
6090,9
6091,9
6092,9
6093,9
6094,9
6095,9
6096,9
6097,9
6098,9
6099,3
6100,3
6101,9
6102,3
6103,3
6104,3
6105,9
6106,9
6107,3
6108,9
6109,9
6110,9
6111,9
6112,9
6113,3
6114,3
6115,3
6116,3
6117,3
6118,3
6119,3
6120,3
6121,9
6122,3
6123,9
6124,9
6125,9
6126,3
6127,3
6128,3
6129,3
6130,9
6131,9
6132,9
6133,9
6134,9
6135,3
6136,3
6137,3
6138,9
6139,9
6140,9
6141,3
6142,9
6143,9
6144,9
6145,9
6146,9
6147,3
6148,3
6149,3
6150,9
6151,3
6152,3
6153,3
6154,3
6155,3
6156,3
6157,3
6158,3
6159,3
6160,3
6161,9
6162,9
6163,3
6164,9
6165,3
6166,3
6167,3
6168,3
6169,9
6170,9
6171,3
6172,3
6173,3
6174,3
6175,3
6176,3
6177,9
6178,9
6179,9
6180,9
6181,9
6182,9
6183,3
6184,3
6185,3
6186,9
6187,9
6188,9
6189,9
6190,9
6191,9
6192,3
6193,3
6194,3
6195,9
6196,9
6197,9
6198,9
6199,3
6200,3
6201,3
6202,3
6203,3
6204,9
6205,9
6206,9
6207,9
6208,9
6209,9
6210,3
6211,3
6212,3
6213,9
6214,9
6215,9
6216,9
6217,3
6218,3
6219,9
6220,9
6221,9
6222,9
6223,9
6224,9
6225,3
6226,3
6227,3
6228,9
6229,9
6230,9
6231,3
6232,3
6233,9
6234,3
6235,3
6236,3
6237,3
6238,9
6239,3
6240,3
6241,3
6242,3
6243,3
6244,3
6245,3
6246,3
6247,9
6248,9
6249,9
6250,9
6251,9
6252,3
6253,3
6254,3
6255,9
6256,3
6257,3
6258,3
6259,3
6260,3
6261,3
6262,3
6263,3
6264,9
6265,9
6266,9
6267,9
6268,9
6269,9
6270,9
6271,9
6272,9
6273,9
6274,3
6275,3
6276,3
6277,3
6278,3
6279,9
6280,9
6281,9
6282,3
6283,9
6284,3
6285,3
6286,3
6287,3
6288,9
6289,9
6290,3
6291,3
6292,3
6293,3
6294,9
6295,9
6296,9
6297,9
6298,9
6299,9
6300,9
6301,9
6302,9
6303,9
6304,9
6305,9
6306,9
6307,9
6308,9
6309,9
6310,9
6311,9
6312,9
6313,9
6314,9
6315,9
6316,9
6317,9
6318,3
6319,9
6320,9
6321,9
6322,9
6323,9
6324,9
6325,9
6326,9
6327,6
6328,3
6329,9
6330,3
6331,9
6332,9
6333,9
6334,9
6335,3
6336,3
6337,3
6338,3
6339,3
6340,3
6341,3
6342,9
6343,9
6344,9
6345,3
6346,9
6347,9
6348,3
6349,3
6350,9
6351,3
6352,3
6353,3
6354,9
6355,9
6356,9
6357,3
6358,3
6359,3
6360,3
6361,3
6362,3
6363,3
6364,3
6365,3
6366,3
6367,9
6368,9
6369,9
6370,9
6371,9
6372,9
6373,9
6374,9
6375,3
6376,9
6377,9
6378,9
6379,3
6380,9
6381,3
6382,3
6383,3
6384,3
6385,3
6386,3
6387,3
6388,9
6389,9
6390,3
6391,3
6392,3
6393,3
6394,3
6395,3
6396,3
6397,9
6398,9
6399,3
6400,3
6401,9
6402,9
6403,9
6404,9
6405,3
6406,3
6407,9
6408,3
6409,3
6410,3
6411,9
6412,3
6413,9
6414,3
6415,3
6416,3
6417,9
6418,9
6419,9
6420,3
6421,3
6422,3
6423,3
6424,9
6425,9
6426,9
6427,9
6428,9
6429,9
6430,9
6431,9
6432,9
6433,9
6434,9
6435,9
6436,3
6437,3
6438,3
6439,3
6440,3
6441,3
6442,3
6443,3
6444,9
6445,9
6446,9
6447,3
6448,3
6449,3
6450,3
6451,3
6452,3
6453,3
6454,3
6455,3
6456,9
6457,9
6458,9
6459,3
6460,3
6461,3
6462,9
6463,3
6464,3
6465,9
6466,9
6467,9
6468,9
6469,9
6470,9
6471,3
6472,3
6473,3
6474,3
6475,3
6476,3
6477,9
6478,9
6479,9
6480,9
6481,9
6482,9
6483,3
6484,3
6485,9
6486,3
6487,3
6488,3
6489,9
6490,9
6491,9
6492,9
6493,3
6494,3
6495,3
6496,9
6497,9
6498,3
6499,3
6500,3
6501,9
6502,3
6503,3
6504,9
6505,9
6506,9
6507,3
6508,3
6509,3
6510,3
6511,9
6512,3
6513,9
6514,9
6515,9
6516,9
6517,9
6518,9
6519,9
6520,9
6521,9
6522,3
6523,3
6524,3
6525,9
6526,9
6527,9
6528,9
6529,9
6530,9
6531,3
6532,3
6533,3
6534,9
6535,3
6536,3
6537,3
6538,3
6539,3
6540,3
6541,9
6542,9
6543,9
6544,9
6545,9
6546,9
6547,9
6548,9
6549,3
6550,3
6551,3
6552,9
6553,9
6554,9
6555,3
6556,3
6557,3
6558,3
6559,3
6560,3
6561,3
6562,3
6563,3
6564,3
6565,3
6566,3
6567,9
6568,9
6569,9
6570,9
6571,9
6572,9
6573,3
6574,3
6575,3
6576,3
6577,3
6578,3
6579,9
6580,9
6581,9
6582,9
6583,9
6584,9
6585,3
6586,3
6587,3
6588,3
6589,3
6590,3
6591,9
6592,9
6593,9
6594,9
6595,9
6596,9
6597,3
6598,3
6599,3
6600,9
6601,9
6602,9
6603,3
6604,3
6605,3
6606,3
6607,3
6608,3
6609,3
6610,3
6611,3
6612,9
6613,9
6614,9
6615,9
6616,9
6617,9
6618,9
6619,9
6620,9
6621,3
6622,3
6623,3
6624,3
6625,3
6626,3
6627,9
6628,9
6629,9
6630,9
6631,9
6632,9
6633,9
6634,9
6635,9
6636,3
6637,3
6638,3
6639,9
6640,9
6641,9
6642,3
6643,3
6644,3
6645,9
6646,9
6647,9
6648,9
6649,9
6650,9
6651,3
6652,3
6653,3
6654,3
6655,3
6656,3
6657,3
6658,3
6659,9
6660,9
6661,9
6662,9
6663,9
6664,9
6665,9
6666,9
6667,9
6668,9
6669,9
6670,9
6671,9
6672,9
6673,9
6674,9
6675,9
6676,3
6677,9
6678,9
6679,3
6680,3
6681,9
6682,9
6683,9
6684,3
6685,3
6686,9
6687,3
6688,9
6689,9
6690,9
6691,3
6692,3
6693,9
6694,9
6695,3
6696,9
6697,9
6698,9
6699,9
6700,9
6701,9
6702,9
6703,3
6704,3
6705,9
6706,9
6707,9
6708,9
6709,9
6710,9
6711,3
6712,3
6713,3
6714,3
6715,3
6716,3
6717,3
6718,9
6719,9
6720,3
6721,3
6722,3
6723,3
6724,3
6725,3
6726,3
6727,9
6728,9
6729,9
6730,9
6731,9
6732,9
6733,9
6734,9
6735,3
6736,3
6737,3
6738,3
6739,3
6740,3
6741,3
6742,3
6743,3
6744,3
6745,3
6746,3
6747,3
6748,3
6749,3
6750,3
6751,3
6752,3
6753,3
6754,3
6755,3
6756,9
6757,9
6758,9
6759,3
6760,9
6761,9
6762,9
6763,9
6764,9
6765,9
6766,3
6767,3
6768,3
6769,3
6770,9
6771,3
6772,3
6773,3
6774,9
6775,3
6776,9
6777,3
6778,3
6779,9
6780,9
6781,9
6782,9
6783,3
6784,3
6785,3
6786,9
6787,3
6788,9
6789,3
6790,3
6791,3
6792,3
6793,3
6794,3
6795,9
6796,9
6797,9
6798,9
6799,9
6800,9
6801,3
6802,3
6803,3
6804,3
6805,3
6806,3
6807,9
6808,9
6809,9
6810,9
6811,9
6812,9
6813,3
6814,3
6815,9
6816,9
6817,9
6818,9
6819,9
6820,9
6821,9
6822,9
6823,9
6824,9
6825,9
6826,9
6827,9
6828,9
6829,9
6830,9
6831,3
6832,3
6833,3
6834,9
6835,9
6836,9
6837,9
6838,3
6839,9
6840,9
6841,9
6842,9
6843,3
6844,3
6845,3
6846,9
6847,3
6848,3
6849,3
6850,3
6851,9
6852,9
6853,9
6854,9
6855,9
6856,3
6857,3
6858,9
6859,9
6860,9
6861,3
6862,3
6863,3
6864,3
6865,3
6866,3
6867,3
6868,3
6869,3
6870,3
6871,3
6872,3
6873,3
6874,3
6875,3
6876,3
6877,3
6878,9
6879,9
6880,9
6881,9
6882,9
6883,9
6884,9
6885,9
6886,3
6887,3
6888,9
6889,9
6890,9
6891,9
6892,9
6893,9
6894,3
6895,3
6896,3
6897,9
6898,9
6899,9
6900,3
6901,3
6902,3
6903,3
6904,3
6905,3
6906,9
6907,9
6908,9
6909,3
6910,3
6911,9
6912,9
6913,9
6914,9
6915,9
6916,9
6917,9
6918,3
6919,3
6920,3
6921,3
6922,3
6923,3
6924,9
6925,3
6926,3
6927,3
6928,3
6929,3
6930,9
6931,3
6932,3
6933,3
6934,3
6935,3
6936,3
6937,3
6938,3
6939,3
6940,3
6941,3
6942,9
6943,9
6944,9
6945,3
6946,3
6947,3
6948,9
6949,9
6950,9
6951,3
6952,3
6953,3
6954,9
6955,9
6956,3
6957,9
6958,9
6959,9
6960,3
6961,3
6962,3
6963,9
6964,9
6965,9
6966,3
6967,3
6968,3
6969,9
6970,9
6971,9
6972,3
6973,3
6974,3
6975,3
6976,3
6977,3
6978,9
6979,9
6980,9
6981,9
6982,9
6983,9
6984,9
6985,9
6986,9
6987,9
6988,9
6989,9
6990,3
6991,9
6992,3
6993,3
6994,3
6995,3
6996,9
6997,9
6998,9
6999,3
7000,9
7001,9
7002,3
7003,3
7004,3
7005,9
7006,9
7007,9
7008,3
7009,9
7010,9
7011,3
7012,3
7013,3
7014,9
7015,9
7016,3
7017,9
7018,9
7019,9
7020,3
7021,3
7022,3
7023,9
7024,9
7025,9
7026,3
7027,9
7028,9
7029,3
7030,3
7031,3
7032,9
7033,9
7034,3
7035,9
7036,9
7037,9
7038,9
7039,9
7040,9
7041,9
7042,9
7043,9
7044,3
7045,3
7046,3
7047,9
7048,9
7049,9
7050,9
7051,3
7052,3
7053,3
7054,3
7055,3
7056,9
7057,9
7058,9
7059,3
7060,3
7061,3
7062,9
7063,9
7064,9
7065,3
7066,3
7067,3
7068,3
7069,3
7070,3
7071,9
7072,9
7073,9
7074,3
7075,9
7076,3
7077,3
7078,3
7079,3
7080,3
7081,3
7082,9
7083,3
7084,3
7085,3
7086,9
7087,3
7088,3
7089,3
7090,3
7091,3
7092,9
7093,9
7094,9
7095,9
7096,9
7097,9
7098,9
7099,9
7100,9
7101,3
7102,3
7103,3
7104,9
7105,9
7106,9
7107,3
7108,3
7109,3
7110,3
7111,3
7112,3
7113,9
7114,3
7115,9
7116,3
7117,3
7118,3
7119,3
7120,3
7121,3
7122,9
7123,9
7124,9
7125,3
7126,3
7127,3
7128,9
7129,3
7130,3
7131,9
7132,9
7133,9
7134,9
7135,9
7136,9
7137,3
7138,3
7139,3
7140,9
7141,9
7142,9
7143,3
7144,3
7145,3
7146,3
7147,3
7148,3
7149,9
7150,9
7151,9
7152,9
7153,9
7154,9
7155,9
7156,9
7157,9
7158,9
7159,9
7160,3
7161,3
7162,9
7163,9
7164,3
7165,3
7166,3
7167,3
7168,3
7169,3
7170,9
7171,9
7172,9
7173,9
7174,9
7175,9
7176,3
7177,3
7178,3
7179,3
7180,3
7181,3
7182,9
7183,9
7184,9
7185,9
7186,9
7187,9
7188,9
7189,9
7190,9
7191,9
7192,9
7193,9
7194,3
7195,3
7196,3
7197,3
7198,3
7199,3
7200,3
7201,3
7202,3
7203,3
7204,3
7205,3
7206,3
7207,3
7208,3
7209,3
7210,3
7211,3
7212,9
7213,9
7214,9
7215,3
7216,9
7217,3
7218,3
7219,3
7220,3
7221,9
7222,9
7223,9
7224,9
7225,9
7226,9
7227,9
7228,3
7229,3
7230,3
7231,3
7232,3
7233,9
7234,9
7235,3
7236,3
7237,9
7238,9
7239,9
7240,9
7241,9
7242,3
7243,9
7244,3
7245,9
7246,3
7247,3
7248,9
7249,9
7250,9
7251,3
7252,3
7253,3
7254,3
7255,3
7256,3
7257,9
7258,9
7259,9
7260,9
7261,9
7262,9
7263,9
7264,9
7265,3
7266,3
7267,9
7268,3
7269,3
7270,9
7271,9
7272,9
7273,9
7274,9
7275,3
7276,3
7277,3
7278,9
7279,9
7280,9
7281,3
7282,3
7283,3
7284,9
7285,9
7286,9
7287,9
7288,3
7289,9
7290,3
7291,3
7292,3
7293,3
7294,3
7295,3
7296,3
7297,3
7298,3
7299,3
7300,3
7301,9
7302,9
7303,9
7304,9
7305,3
7306,3
7307,3
7308,9
7309,9
7310,9
7311,9
7312,9
7313,9
7314,3
7315,3
7316,3
7317,3
7318,3
7319,3
7320,3
7321,3
7322,3
7323,3
7324,3
7325,3
7326,9
7327,9
7328,3
7329,3
7330,3
7331,3
7332,9
7333,9
7334,9
7335,3
7336,3
7337,3
7338,9
7339,9
7340,9
7341,3
7342,3
7343,3
7344,3
7345,3
7346,3
7347,3
7348,3
7349,3
7350,9
7351,9
7352,9
7353,9
7354,9
7355,9
7356,9
7357,9
7358,3
7359,9
7360,9
7361,9
7362,3
7363,9
7364,3
7365,3
7366,3
7367,3
7368,3
7369,3
7370,3
7371,9
7372,3
7373,9
7374,3
7375,9
7376,3
7377,3
7378,3
7379,3
7380,3
7381,3
7382,3
7383,3
7384,9
7385,3
7386,9
7387,9
7388,9
7389,9
7390,9
7391,9
7392,9
7393,9
7394,9
7395,9
7396,9
7397,9
7398,9
7399,9
7400,9
7401,3
7402,3
7403,3
7404,3
7405,3
7406,3
7407,3
7408,3
7409,3
7410,3
7411,9
7412,9
7413,9
7414,9
7415,9
7416,9
7417,3
7418,3
7419,9
7420,3
7421,3
7422,3
7423,3
7424,3
7425,9
7426,9
7427,9
7428,9
7429,9
7430,9
7431,3
7432,3
7433,3
7434,9
7435,9
7436,9
7437,3
7438,9
7439,9
7440,3
7441,3
7442,3
7443,3
7444,3
7445,3
7446,9
7447,9
7448,9
7449,9
7450,3
7451,3
7452,3
7453,3
7454,3
7455,9
7456,9
7457,9
7458,9
7459,9
7460,9
7461,3
7462,3
7463,3
7464,3
7465,3
7466,3
7467,9
7468,9
7469,9
7470,3
7471,3
7472,3
7473,9
7474,9
7475,9
7476,3
7477,3
7478,9
7479,3
7480,3
7481,3
7482,3
7483,3
7484,3
7485,3
7486,3
7487,3
7488,9
7489,9
7490,9
7491,3
7492,3
7493,3
7494,3
7495,3
7496,3
7497,9
7498,3
7499,9
7500,3
7501,3
7502,3
7503,3
7504,3
7505,3
7506,9
7507,9
7508,9
7509,3
7510,3
7511,3
7512,3
7513,3
7514,3
7515,9
7516,9
7517,9
7518,3
7519,3
7520,3
7521,9
7522,9
7523,9
7524,3
7525,3
7526,9
7527,3
7528,3
7529,3
7530,9
7531,9
7532,9
7533,3
7534,3
7535,9
7536,9
7537,9
7538,9
7539,9
7540,9
7541,3
7542,3
7543,3
7544,3
7545,9
7546,9
7547,3
7548,9
7549,9
7550,9
7551,3
7552,9
7553,3
7554,3
7555,3
7556,3
7557,3
7558,3
7559,3
7560,9
7561,9
7562,9
7563,9
7564,9
7565,9
7566,3
7567,3
7568,3
7569,3
7570,3
7571,3
7572,3
7573,3
7574,3
7575,3
7576,3
7577,3
7578,3
7579,9
7580,9
7581,3
7582,3
7583,9
7584,3
7585,3
7586,3
7587,9
7588,9
7589,9
7590,9
7591,9
7592,9
7593,9
7594,9
7595,9
7596,9
7597,9
7598,9
7599,3
7600,3
7601,3
7602,3
7603,3
7604,3
7605,9
7606,9
7607,9
7608,9
7609,9
7610,3
7611,9
7612,9
7613,9
7614,9
7615,9
7616,9
7617,3
7618,3
7619,3
7620,3
7621,3
7622,3
7623,3
7624,3
7625,3
7626,3
7627,3
7628,3
7629,3
7630,9
7631,9
7632,3
7633,3
7634,3
7635,9
7636,9
7637,9
7638,3
7639,3
7640,3
7641,3
7642,3
7643,3
7644,9
7645,3
7646,3
7647,3
7648,3
7649,3
7650,9
7651,9
7652,9
7653,3
7654,3
7655,3
7656,3
7657,3
7658,9
7659,9
7660,9
7661,9
7662,9
7663,9
7664,9
7665,3
7666,3
7667,3
7668,3
7669,3
7670,3
7671,9
7672,9
7673,9
7674,9
7675,9
7676,9
7677,3
7678,3
7679,3
7680,3
7681,3
7682,9
7683,3
7684,3
7685,3
7686,9
7687,9
7688,9
7689,3
7690,3
7691,3
7692,9
7693,9
7694,9
7695,9
7696,9
7697,9
7698,9
7699,9
7700,3
7701,9
7702,9
7703,9
7704,3
7705,3
7706,9
7707,3
7708,3
7709,9
7710,9
7711,9
7712,9
7713,3
7714,3
7715,3
7716,9
7717,9
7718,9
7719,9
7720,9
7721,3
7722,9
7723,9
7724,9
7725,3
7726,3
7727,3
7728,3
7729,3
7730,3
7731,9
7732,9
7733,9
7734,3
7735,9
7736,9
7737,3
7738,9
7739,3
7740,3
7741,9
7742,9
7743,9
7744,9
7745,3
7746,9
7747,9
7748,9
7749,3
7750,3
7751,3
7752,3
7753,9
7754,3
7755,3
7756,3
7757,3
7758,3
7759,3
7760,9
7761,9
7762,9
7763,9
7764,9
7765,9
7766,9
7767,3
7768,3
7769,3
7770,3
7771,3
7772,3
7773,3
7774,3
7775,3
7776,3
7777,3
7778,3
7779,3
7780,3
7781,3
7782,9
7783,9
7784,9
7785,3
7786,3
7787,3
7788,3
7789,3
7790,3
7791,9
7792,9
7793,9
7794,3
7795,3
7796,3
7797,3
7798,3
7799,3
7800,9
7801,3
7802,3
7803,9
7804,9
7805,9
7806,3
7807,3
7808,3
7809,3
7810,3
7811,3
7812,9
7813,9
7814,9
7815,3
7816,3
7817,3
7818,3
7819,3
7820,3
7821,3
7822,3
7823,3
7824,3
7825,3
7826,9
7827,9
7828,9
7829,9
7830,3
7831,9
7832,9
7833,3
7834,3
7835,3
7836,3
7837,3
7838,9
7839,9
7840,3
7841,3
7842,3
7843,3
7844,3
7845,9
7846,9
7847,9
7848,9
7849,9
7850,9
7851,3
7852,3
7853,9
7854,3
7855,3
7856,3
7857,3
7858,3
7859,9
7860,3
7861,3
7862,3
7863,3
7864,3
7865,9
7866,9
7867,9
7868,9
7869,9
7870,3
7871,3
7872,3
7873,3
7874,9
7875,3
7876,3
7877,3
7878,9
7879,9
7880,9
7881,3
7882,9
7883,3
7884,3
7885,3
7886,3
7887,3
7888,3
7889,3
7890,3
7891,3
7892,3
7893,9
7894,9
7895,9
7896,3
7897,3
7898,3
7899,3
7900,3
7901,3
7902,9
7903,9
7904,9
7905,3
7906,3
7907,3
7908,9
7909,3
7910,9
7911,9
7912,9
7913,9
7914,3
7915,3
7916,3
7917,3
7918,3
7919,3
7920,3
7921,9
7922,3
7923,9
7924,3
7925,9
7926,3
7927,3
7928,3
7929,3
7930,3
7931,3
7932,3
7933,3
7934,3
7935,3
7936,3
7937,3
7938,9
7939,9
7940,9
7941,3
7942,3
7943,3
7944,3
7945,3
7946,3
7947,3
7948,3
7949,3
7950,9
7951,3
7952,3
7953,3
7954,3
7955,9
7956,9
7957,9
7958,9
7959,3
7960,3
7961,3
7962,3
7963,3
7964,3
7965,3
7966,3
7967,3
7968,9
7969,9
7970,3
7971,3
7972,3
7973,3
7974,9
7975,9
7976,9
7977,3
7978,3
7979,3
7980,9
7981,9
7982,9
7983,3
7984,9
7985,3
7986,9
7987,9
7988,9
7989,3
7990,3
7991,9
7992,9
7993,9
7994,9
7995,3
7996,3
7997,3
7998,9
7999,9
8000,9
8001,9
8002,9
8003,9
8004,9
8005,9
8006,3
8007,3
8008,3
8009,3
8010,3
8011,3
8012,3
8013,3
8014,3
8015,3
8016,3
8017,3
8018,3
8019,9
8020,9
8021,9
8022,3
8023,3
8024,3
8025,9
8026,9
8027,9
8028,3
8029,9
8030,3
8031,3
8032,3
8033,3
8034,3
8035,3
8036,3
8037,9
8038,9
8039,9
8040,9
8041,9
8042,9
8043,3
8044,3
8045,9
8046,9
8047,3
8048,3
8049,3
8050,9
8051,3
8052,3
8053,3
8054,3
8055,9
8056,3
8057,3
8058,3
8059,3
8060,9
8061,3
8062,3
8063,3
8064,3
8065,3
8066,3
8067,9
8068,9
8069,9
8070,9
8071,9
8072,9
8073,9
8074,3
8075,9
8076,9
8077,3
8078,3
8079,3
8080,9
8081,9
8082,9
8083,9
8084,9
8085,9
8086,9
8087,9
8088,9
8089,9
8090,9
8091,9
8092,9
8093,9
8094,3
8095,3
8096,9
8097,9
8098,9
8099,9
8100,3
8101,3
8102,3
8103,3
8104,9
8105,3
8106,9
8107,9
8108,9
8109,3
8110,3
8111,3
8112,3
8113,3
8114,3
8115,9
8116,9
8117,9
8118,9
8119,9
8120,9
8121,3
8122,3
8123,3
8124,3
8125,3
8126,3
8127,9
8128,9
8129,9
8130,3
8131,9
8132,3
8133,3
8134,3
8135,3
8136,9
8137,9
8138,9
8139,3
8140,3
8141,3
8142,3
8143,3
8144,3
8145,3
8146,3
8147,3
8148,9
8149,9
8150,9
8151,9
8152,9
8153,9
8154,9
8155,9
8156,3
8157,3
8158,3
8159,3
8160,9
8161,9
8162,9
8163,9
8164,9
8165,9
8166,9
8167,9
8168,9
8169,3
8170,3
8171,3
8172,9
8173,9
8174,9
8175,3
8176,3
8177,3
8178,3
8179,3
8180,3
8181,3
8182,3
8183,3
8184,9
8185,9
8186,9
8187,9
8188,9
8189,9
8190,9
8191,3
8192,3
8193,9
8194,9
8195,9
8196,3
8197,3
8198,3
8199,3
8200,3
8201,3
8202,3
8203,3
8204,3
8205,3
8206,3
8207,3
8208,3
8209,3
8210,3
8211,9
8212,3
8213,9
8214,3
8215,3
8216,3
8217,3
8218,9
8219,9
8220,3
8221,3
8222,3
8223,3
8224,3
8225,3
8226,9
8227,9
8228,9
8229,9
8230,9
8231,9
8232,3
8233,3
8234,3
8235,3
8236,3
8237,3
8238,9
8239,9
8240,9
8241,3
8242,3
8243,9
8244,3
8245,9
8246,3
8247,9
8248,3
8249,3
8250,3
8251,3
8252,3
8253,3
8254,3
8255,9
8256,3
8257,9
8258,9
8259,9
8260,9
8261,9
8262,9
8263,3
8264,3
8265,3
8266,3
8267,3
8268,3
8269,3
8270,3
8271,3
8272,9
8273,9
8274,3
8275,3
8276,3
8277,9
8278,9
8279,9
8280,3
8281,3
8282,3
8283,9
8284,9
8285,9
8286,3
8287,3
8288,3
8289,9
8290,9
8291,9
8292,9
8293,9
8294,9
8295,9
8296,9
8297,9
8298,3
8299,3
8300,9
8301,3
8302,3
8303,3
8304,3
8305,3
8306,3
8307,9
8308,9
8309,9
8310,9
8311,9
8312,9
8313,9
8314,9
8315,9
8316,3
8317,3
8318,3
8319,9
8320,3
8321,3
8322,3
8323,3
8324,3
8325,3
8326,3
8327,3
8328,9
8329,9
8330,9
8331,9
8332,9
8333,9
8334,9
8335,9
8336,9
8337,9
8338,9
8339,9
8340,9
8341,3
8342,9
8343,3
8344,9
8345,9
8346,3
8347,3
8348,3
8349,9
8350,9
8351,9
8352,3
8353,3
8354,3
8355,3
8356,3
8357,3
8358,3
8359,3
8360,3
8361,9
8362,9
8363,9
8364,9
8365,3
8366,9
8367,9
8368,9
8369,9
8370,9
8371,9
8372,9
8373,3
8374,3
8375,3
8376,3
8377,9
8378,9
8379,9
8380,3
8381,3
8382,9
8383,9
8384,9
8385,9
8386,9
8387,3
8388,9
8389,9
8390,9
8391,3
8392,3
8393,3
8394,9
8395,9
8396,9
8397,3
8398,3
8399,3
8400,3
8401,3
8402,3
8403,9
8404,9
8405,9
8406,3
8407,3
8408,3
8409,3
8410,3
8411,3
8412,3
8413,3
8414,3
8415,9
8416,9
8417,9
8418,3
8419,3
8420,9
8421,3
8422,3
8423,3
8424,9
8425,9
8426,3
8427,3
8428,9
8429,9
8430,3
8431,9
8432,3
8433,9
8434,9
8435,9
8436,3
8437,3
8438,9
8439,9
8440,9
8441,9
8442,3
8443,3
8444,3
8445,9
8446,9
8447,3
8448,9
8449,9
8450,9
8451,9
8452,3
8453,9
8454,3
8455,3
8456,3
8457,3
8458,3
8459,3
8460,9
8461,9
8462,9
8463,9
8464,3
8465,3
8466,3
8467,3
8468,3
8469,9
8470,9
8471,9
8472,9
8473,9
8474,9
8475,3
8476,3
8477,3
8478,9
8479,3
8480,3
8481,3
8482,3
8483,3
8484,9
8485,9
8486,9
8487,3
8488,3
8489,3
8490,9
8491,9
8492,3
8493,3
8494,3
8495,9
8496,9
8497,9
8498,9
8499,9
8500,9
8501,9
8502,3
8503,9
8504,9
8505,3
8506,3
8507,3
8508,9
8509,9
8510,9
8511,3
8512,3
8513,3
8514,9
8515,3
8516,3
8517,9
8518,9
8519,9
8520,9
8521,9
8522,9
8523,9
8524,9
8525,9
8526,9
8527,9
8528,9
8529,3
8530,3
8531,3
8532,9
8533,9
8534,9
8535,9
8536,3
8537,3
8538,3
8539,9
8540,9
8541,3
8542,3
8543,3
8544,9
8545,9
8546,9
8547,9
8548,9
8549,9
8550,9
8551,3
8552,9
8553,9
8554,9
8555,9
8556,9
8557,9
8558,3
8559,9
8560,3
8561,9
8562,3
8563,3
8564,3
8565,3
8566,3
8567,3
8568,3
8569,3
8570,3
8571,3
8572,3
8573,3
8574,9
8575,9
8576,9
8577,9
8578,9
8579,9
8580,9
8581,9
8582,9
8583,9
8584,9
8585,9
8586,9
8587,9
8588,3
8589,9
8590,3
8591,3
8592,3
8593,3
8594,9
8595,3
8596,3
8597,3
8598,9
8599,9
8600,9
8601,9
8602,9
8603,9
8604,3
8605,3
8606,3
8607,3
8608,9
8609,3
8610,3
8611,3
8612,3
8613,3
8614,3
8615,9
8616,3
8617,3
8618,3
8619,3
8620,3
8621,3
8622,3
8623,9
8624,3
8625,9
8626,3
8627,3
8628,3
8629,3
8630,3
8631,3
8632,3
8633,3
8634,9
8635,9
8636,3
8637,3
8638,9
8639,3
8640,9
8641,9
8642,9
8643,3
8644,3
8645,3
8646,9
8647,9
8648,9
8649,9
8650,9
8651,9
8652,3
8653,9
8654,3
8655,3
8656,3
8657,3
8658,3
8659,3
8660,3
8661,3
8662,3
8663,3
8664,3
8665,3
8666,3
8667,3
8668,3
8669,3
8670,3
8671,3
8672,3
8673,3
8674,3
8675,3
8676,9
8677,9
8678,9
8679,3
8680,3
8681,3
8682,3
8683,3
8684,9
8685,3
8686,9
8687,9
8688,9
8689,9
8690,9
8691,3
8692,3
8693,3
8694,9
8695,3
8696,3
8697,9
8698,9
8699,3
8700,3
8701,3
8702,3
8703,9
8704,9
8705,9
8706,9
8707,9
8708,9
8709,9
8710,9
8711,9
8712,3
8713,3
8714,3
8715,3
8716,3
8717,3
8718,3
8719,3
8720,3
8721,3
8722,3
8723,3
8724,9
8725,3
8726,9
8727,9
8728,3
8729,9
8730,9
8731,3
8732,3
8733,3
8734,9
8735,3
8736,9
8737,3
8738,3
8739,3
8740,3
8741,3
8742,9
8743,9
8744,3
8745,9
8746,3
8747,9
8748,9
8749,9
8750,9
8751,3
8752,3
8753,3
8754,3
8755,9
8756,9
8757,9
8758,9
8759,9
8760,3
8761,3
8762,3
8763,3
8764,3
8765,3
8766,9
8767,9
8768,9
8769,9
8770,9
8771,3
8772,9
8773,3
8774,9
8775,9
8776,3
8777,9
8778,9
8779,9
8780,9
8781,9
8782,3
8783,3
8784,9
8785,9
8786,9
8787,9
8788,9
8789,9
8790,9
8791,9
8792,9
8793,9
8794,3
8795,3
8796,3
8797,3
8798,3
8799,9
8800,9
8801,9
8802,9
8803,9
8804,9
8805,3
8806,3
8807,3
8808,9
8809,3
8810,9
8811,3
8812,3
8813,3
8814,9
8815,9
8816,9
8817,9
8818,9
8819,9
8820,9
8821,9
8822,9
8823,3
8824,3
8825,3
8826,3
8827,3
8828,3
8829,9
8830,9
8831,9
8832,9
8833,9
8834,9
8835,9
8836,9
8837,9
8838,9
8839,9
8840,9
8841,9
8842,3
8843,3
8844,9
8845,3
8846,3
8847,3
8848,9
8849,9
8850,3
8851,3
8852,3
8853,3
8854,3
8855,3
8856,9
8857,9
8858,9
8859,3
8860,3
8861,3
8862,9
8863,9
8864,9
8865,3
8866,3
8867,3
8868,3
8869,9
8870,9
8871,9
8872,9
8873,9
8874,9
8875,9
8876,3
8877,3
8878,3
8879,3
8880,3
8881,3
8882,3
8883,9
8884,9
8885,9
8886,9
8887,9
8888,9
8889,9
8890,9
8891,9
8892,3
8893,3
8894,3
8895,9
8896,9
8897,6
8898,9
8899,3
8900,3
8901,3
8902,9
8903,9
8904,9
8905,9
8906,9
8907,9
8908,3
8909,9
8910,3
8911,3
8912,3
8913,3
8914,3
8915,3
8916,3
8917,3
8918,3
8919,9
8920,9
8921,9
8922,3
8923,3
8924,3
8925,9
8926,9
8927,9
8928,3
8929,3
8930,3
8931,3
8932,3
8933,3
8934,3
8935,3
8936,3
8937,3
8938,3
8939,3
8940,9
8941,9
8942,9
8943,9
8944,9
8945,9
8946,9
8947,3
8948,3
8949,9
8950,3
8951,3
8952,3
8953,9
8954,9
8955,9
8956,9
8957,9
8958,3
8959,3
8960,3
8961,9
8962,9
8963,9
8964,3
8965,3
8966,3
8967,9
8968,9
8969,9
8970,9
8971,9
8972,9
8973,3
8974,3
8975,3
8976,3
8977,3
8978,3
8979,9
8980,9
8981,9
8982,3
8983,9
8984,3
8985,3
8986,3
8987,3
8988,3
8989,3
8990,3
8991,9
8992,9
8993,9
8994,3
8995,3
8996,9
8997,3
8998,3
8999,3
9000,3
9001,9
9002,9
9003,9
9004,9
9005,9
9006,3
9007,3
9008,3
9009,9
9010,9
9011,9
9012,9
9013,9
9014,9
9015,3
9016,3
9017,3
9018,3
9019,3
9020,3
9021,9
9022,9
9023,3
9024,3
9025,3
9026,9
9027,3
9028,3
9029,3
9030,3
9031,3
9032,3
9033,3
9034,3
9035,3
9036,9
9037,9
9038,9
9039,9
9040,9
9041,9
9042,3
9043,3
9044,9
9045,9
9046,9
9047,9
9048,9
9049,9
9050,9
9051,9
9052,9
9053,9
9054,3
9055,3
9056,9
9057,3
9058,3
9059,3
9060,9
9061,9
9062,3
9063,3
9064,3
9065,3
9066,3
9067,3
9068,3
9069,9
9070,9
9071,9
9072,3
9073,3
9074,9
9075,3
9076,3
9077,3
9078,9
9079,9
9080,9
9081,3
9082,3
9083,3
9084,9
9085,9
9086,9
9087,9
9088,9
9089,9
9090,3
9091,3
9092,3
9093,9
9094,9
9095,9
9096,3
9097,3
9098,3
9099,3
9100,3
9101,3
9102,3
9103,3
9104,3
9105,9
9106,9
9107,9
9108,9
9109,9
9110,9
9111,9
9112,9
9113,9
9114,9
9115,9
9116,9
9117,9
9118,9
9119,9
9120,3
9121,3
9122,3
9123,3
9124,3
9125,3
9126,3
9127,3
9128,9
9129,3
9130,3
9131,3
9132,9
9133,3
9134,3
9135,3
9136,3
9137,9
9138,3
9139,9
9140,9
9141,9
9142,9
9143,9
9144,9
9145,9
9146,9
9147,9
9148,9
9149,9
9150,3
9151,3
9152,3
9153,3
9154,3
9155,3
9156,9
9157,9
9158,9
9159,3
9160,9
9161,9
9162,9
9163,3
9164,9
9165,9
9166,9
9167,3
9168,9
9169,9
9170,9
9171,9
9172,9
9173,9
9174,9
9175,3
9176,3
9177,3
9178,3
9179,3
9180,3
9181,3
9182,9
9183,3
9184,3
9185,3
9186,3
9187,3
9188,3
9189,3
9190,3
9191,3
9192,9
9193,9
9194,9
9195,9
9196,9
9197,3
9198,3
9199,3
9200,3
9201,3
9202,9
9203,9
9204,9
9205,3
9206,3
9207,9
9208,3
9209,9
9210,3
9211,9
9212,3
9213,9
9214,9
9215,3
9216,3
9217,3
9218,3
9219,9
9220,9
9221,3
9222,3
9223,3
9224,3
9225,3
9226,9
9227,3
9228,9
9229,9
9230,9
9231,9
9232,9
9233,9
9234,9
9235,3
9236,3
9237,3
9238,3
9239,3
9240,9
9241,9
9242,9
9243,9
9244,9
9245,9
9246,3
9247,3
9248,3
9249,3
9250,3
9251,3
9252,3
9253,9
9254,3
9255,3
9256,3
9257,3
9258,9
9259,9
9260,9
9261,3
9262,3
9263,3
9264,3
9265,3
9266,9
9267,9
9268,3
9269,3
9270,9
9271,9
9272,9
9273,3
9274,3
9275,3
9276,9
9277,3
9278,9
9279,3
9280,3
9281,3
9282,9
9283,9
9284,9
9285,9
9286,9
9287,9
9288,3
9289,3
9290,3
9291,3
9292,3
9293,3
9294,9
9295,9
9296,9
9297,9
9298,3
9299,3
9300,3
9301,3
9302,3
9303,9
9304,3
9305,9
9306,3
9307,9
9308,3
9309,3
9310,3
9311,9
9312,3
9313,3
9314,3
9315,3
9316,9
9317,3
9318,3
9319,3
9320,9
9321,9
9322,9
9323,3
9324,3
9325,3
9326,3
9327,9
9328,9
9329,9
9330,3
9331,3
9332,3
9333,3
9334,3
9335,3
9336,3
9337,3
9338,3
9339,3
9340,9
9341,3
9342,9
9343,3
9344,9
9345,3
9346,3
9347,3
9348,9
9349,9
9350,9
9351,3
9352,3
9353,3
9354,3
9355,3
9356,3
9357,3
9358,3
9359,3
9360,3
9361,3
9362,3
9363,3
9364,3
9365,3
9366,9
9367,9
9368,9
9369,3
9370,3
9371,3
9372,3
9373,9
9374,9
9375,3
9376,9
9377,3
9378,3
9379,9
9380,9
9381,3
9382,3
9383,3
9384,3
9385,3
9386,3
9387,9
9388,9
9389,9
9390,3
9391,3
9392,3
9393,3
9394,3
9395,3
9396,9
9397,3
9398,9
9399,3
9400,3
9401,3
9402,3
9403,9
9404,3
9405,3
9406,3
9407,3
9408,9
9409,3
9410,9
9411,3
9412,3
9413,3
9414,3
9415,3
9416,3
9417,9
9418,9
9419,9
9420,9
9421,9
9422,9
9423,3
9424,3
9425,3
9426,9
9427,9
9428,9
9429,3
9430,3
9431,9
9432,9
9433,9
9434,9
9435,3
9436,9
9437,9
9438,3
9439,3
9440,3
9441,9
9442,9
9443,3
9444,3
9445,9
9446,9
9447,3
9448,3
9449,3
9450,3
9451,3
9452,3
9453,3
9454,3
9455,9
9456,9
9457,9
9458,9
9459,3
9460,9
9461,3
9462,9
9463,9
9464,9
9465,3
9466,3
9467,9
9468,3
9469,9
9470,9
9471,9
9472,9
9473,9
9474,9
9475,9
9476,9
9477,3
9478,3
9479,3
9480,3
9481,3
9482,3
9483,9
9484,9
9485,9
9486,9
9487,9
9488,3
9489,3
9490,3
9491,3
9492,9
9493,3
9494,3
9495,3
9496,9
9497,9
9498,9
9499,3
9500,9
9501,9
9502,9
9503,9
9504,9
9505,9
9506,9
9507,3
9508,9
9509,3
9510,3
9511,3
9512,3
9513,9
9514,9
9515,9
9516,3
9517,3
9518,3
9519,3
9520,3
9521,3
9522,3
9523,3
9524,3
9525,3
9526,3
9527,3
9528,3
9529,9
9530,9
9531,9
9532,9
9533,3
9534,9
9535,9
9536,9
9537,9
9538,3
9539,9
9540,9
9541,9
9542,9
9543,3
9544,3
9545,9
9546,9
9547,9
9548,9
9549,3
9550,3
9551,3
9552,9
9553,9
9554,9
9555,9
9556,9
9557,9
9558,3
9559,3
9560,3
9561,3
9562,3
9563,9
9564,3
9565,3
9566,3
9567,3
9568,3
9569,3
9570,3
9571,3
9572,3
9573,9
9574,9
9575,9
9576,3
9577,3
9578,3
9579,9
9580,3
9581,3
9582,9
9583,9
9584,9
9585,9
9586,9
9587,9
9588,9
9589,9
9590,9
9591,3
9592,3
9593,3
9594,9
9595,9
9596,9
9597,9
9598,9
9599,9
9600,9
9601,9
9602,9
9603,3
9604,3
9605,3
9606,9
9607,9
9608,9
9609,3
9610,3
9611,3
9612,3
9613,3
9614,3
9615,3
9616,3
9617,3
9618,9
9619,9
9620,3
9621,3
9622,9
9623,9
9624,9
9625,3
9626,3
9627,9
9628,9
9629,9
9630,9
9631,9
9632,3
9633,3
9634,3
9635,3
9636,3
9637,3
9638,3
9639,3
9640,3
9641,3
9642,9
9643,9
9644,9
9645,9
9646,9
9647,9
9648,3
9649,3
9650,3
9651,3
9652,3
9653,3
9654,3
9655,3
9656,3
9657,9
9658,3
9659,9
9660,3
9661,9
9662,3
9663,3
9664,3
9665,3
9666,3
9667,3
9668,3
9669,9
9670,3
9671,3
9672,3
9673,9
9674,9
9675,3
9676,3
9677,3
9678,3
9679,3
9680,3
9681,3
9682,3
9683,3
9684,3
9685,3
9686,3
9687,3
9688,3
9689,3
9690,9
9691,3
9692,3
9693,3
9694,3
9695,3
9696,9
9697,9
9698,9
9699,3
9700,3
9701,3
9702,9
9703,9
9704,9
9705,3
9706,3
9707,3
9708,3
9709,3
9710,3
9711,9
9712,9
9713,9
9714,9
9715,9
9716,9
9717,9
9718,9
9719,9
9720,9
9721,9
9722,9
9723,3
9724,3
9725,3
9726,3
9727,3
9728,3
9729,9
9730,9
9731,3
9732,3
9733,3
9734,3
9735,3
9736,3
9737,3
9738,3
9739,3
9740,3
9741,3
9742,9
9743,9
9744,3
9745,3
9746,3
9747,3
9748,3
9749,3
9750,3
9751,3
9752,3
9753,9
9754,9
9755,3
9756,3
9757,3
9758,3
9759,9
9760,3
9761,3
9762,9
9763,9
9764,9
9765,3
9766,3
9767,3
9768,3
9769,3
9770,3
9771,3
9772,9
9773,9
9774,3
9775,3
9776,3
9777,9
9778,9
9779,9
9780,9
9781,9
9782,9
9783,3
9784,3
9785,3
9786,9
9787,9
9788,9
9789,9
9790,9
9791,9
9792,3
9793,3
9794,3
9795,3
9796,3
9797,9
9798,9
9799,9
9800,3
9801,9
9802,9
9803,3
9804,9
9805,9
9806,9
9807,9
9808,9
9809,9
